UMIPWJGWASORKV-UHFFFAOYSA-N,0.060948227,-0.05340672,,2.884
WEEGYLXZBRQIMU-WAAGHKOSSA-N,0.014118021,-0.09519014,,6.128
VLVCDUSVTXIWGW-UHFFFAOYSA-N,0.048224002,-0.09549616,,3.835
JWUJQDFVADABEY-RXMQYKEDSA-N,0.028463202,-0.09223657,,6.039
NKDDWNXOKDWJAK-UHFFFAOYSA-N,0.053252716,-0.08423504,,4.351
OZNXTQSXSHODFR-CHIWXEEVSA-N,0.019952083,-0.07083715,,2.662
CTQNGGLPUBDAKN-UHFFFAOYSA-N,0.02071153,-0.06398562,,2.287
YEEMHJNIVXNCSN-ALCCZGGFSA-N,0.055802308,-0.08893699,,8.039
JHIVVAPYMSGYDF-UHFFFAOYSA-N,0.02679605,-0.09454967,,6.15
RAXXELZNTBOGNW-UHFFFAOYSA-N,0.091351815,-0.094065964,,8.55
CYFPVACSJLXVCA-UHFFFAOYSA-N,0.07267229,-0.11400986,,7.921
UIHCLUNTQKBZGK-YFKPBYRVSA-N,0.033519275,-0.09318215,,5.772
JJYPMNFTHPTTDI-UHFFFAOYSA-N,0.038666792,-0.06388214,,4.688
CTSZPNIMMLSKDV-UHFFFAOYSA-N,0.026879199,-0.073059104,,8.816
MTZQAGJQAFMTAQ-UHFFFAOYSA-N,0.040153865,-0.11873311,,5.15
PAYRUJLWNCNPSJ-UHFFFAOYSA-N,0.03908148,-0.060667638,,4.508
KGIGUEBEKRSTEW-UHFFFAOYSA-N,0.037616383,-0.073874705,,6.728
MBTGBRYMJKYYOE-UHFFFAOYSA-N,0.072042674,-0.07746731,,3.373
IMRWILPUOVGIMU-UHFFFAOYSA-N,0.05195517,-0.07149257,,5.35
CHSPMZWZNFDUDE-UHFFFAOYSA-N,0.120129794,-0.23524836,,9.505
YTPLMLYBLZKORZ-UHFFFAOYSA-N,0.06308732,-0.07510838,,2.242
GUVUOGQBMYCBQP-UHFFFAOYSA-N,0.04942302,-0.13190073,,9.261
JLNGEXDJAQASHD-UHFFFAOYSA-N,0.04035356,-0.12409868,,7.832
ZQWPRMPSCMSAJU-UHFFFAOYSA-N,0.045895644,-0.1141443,,5.417
UWKQJZCTQGMHKD-UHFFFAOYSA-N,0.028161902,-0.08515975,,1.862
HHAISVSEJFEWBZ-UHFFFAOYSA-N,0.07077926,-0.07513585,,4.795
ROSDSFDQCJNGOL-UHFFFAOYSA-N,0.021136595,-0.065366186,,8.083
JKOVQYWMFZTKMX-ONEGZZNKSA-N,0.08858061,-0.14433886,,6.328
NMRHCNYNTKGDGB-UHFFFAOYSA-N,0.0639454,-0.17951918,,6.083
UMURLIQHQSKULR-UHFFFAOYSA-N,0.078647465,-0.0805684,,6.128
XTGOWLIKIQLYRG-UHFFFAOYSA-N,0.12117927,-0.033437833,,1.973
JXQGICFGPUAVLJ-UHFFFAOYSA-N,0.08014697,-0.11059166,,7.241
WDFQBORIUYODSI-UHFFFAOYSA-N,0.05188287,-0.05297967,,4.077
HWWYDZCSSYKIAD-UHFFFAOYSA-N,0.03698636,-0.069211416,,7.972
HONIICLYMWZJFZ-UHFFFAOYSA-N,0.020382896,-0.069056116,,8.816
IAZDPXIOMUYVGZ-UHFFFAOYSA-N,0.19238363,-0.2272117,,8.599
JAMNHZBIQDNHMM-UHFFFAOYSA-N,0.03448415,-0.056254335,,5.261
PMRYVIKBURPHAH-UHFFFAOYSA-N,0.07933651,-0.08722077,,8.15
ZWXPDGCFMMFNRW-UHFFFAOYSA-N,0.04388672,-0.12455338,,8.683
AKQWEDMTPCAESO-UHFFFAOYSA-N,0.05294692,-0.09375984,,6.639
CDNHLXOFELOEOL-UHFFFAOYSA-N,0.078753605,-0.07789113,,6.461
SXVPOSFURRDKBO-UHFFFAOYSA-N,0.035628587,-0.09394424,,5.795
UQFQONCQIQEYPJ-UHFFFAOYSA-N,0.06755306,-0.108498216,,7.148
QZVQQUVWFIZUBQ-UHFFFAOYSA-N,0.05475516,-0.070243776,,3.742
XRGPFNGLRSIPSA-UHFFFAOYSA-N,0.08791377,-0.09360323,,4.573
OKDGRDCXVWSXDC-UHFFFAOYSA-N,0.058234476,-0.07187803,,5.395
WJYIASZWHGOTOU-UHFFFAOYSA-N,0.02023552,-0.05146594,,7.725
RVAQSYWDOSHWGP-UHFFFAOYSA-N,0.08610342,-0.15752068,,7.268
KMSNYNIWEORQDJ-UHFFFAOYSA-N,0.026766082,-0.08926055,,5.15
XULIXFLCVXWHRF-UHFFFAOYSA-N,0.016262077,-0.07617496,,5.839
GNOIPBMMFNIUFM-UHFFFAOYSA-N,0.042974662,-0.18754418,,10.91
ILBIXZPOMJFOJP-UHFFFAOYSA-N,0.062143147,-0.09713679,,6.617
FFCSRWGYGMRBGD-UHFFFAOYSA-N,0.042840265,-0.094238594,,3.6
LIWAQLJGPBVORC-UHFFFAOYSA-N,0.020394446,-0.065031596,,8.061
BSKHPKMHTQYZBB-UHFFFAOYSA-N,0.036914993,-0.07480573,,7.57
WEHWNAOGRSTTBQ-UHFFFAOYSA-N,0.016325574,-0.06680078,,7.931
GNKZMNRKLCTJAY-UHFFFAOYSA-N,0.041367874,-0.09839739,,5.817
OUMGIYIBWRLOAF-UHFFFAOYSA-N,0.046455346,-0.08317636,,6.172
UWHSPZZUAYSGTB-UHFFFAOYSA-N,0.04409374,-0.12412877,,8.461
WVDDGKGOMKODPV-UHFFFAOYSA-N,0.056613605,-0.08657788,,4.94
SVEUVITYHIHZQE-UHFFFAOYSA-N,0.04832068,-0.08309594,,7.75
HKTSLDUAGCAISP-UHFFFAOYSA-N,0.03805715,-0.13710238,,6.283
SQNZJJAZBFDUTD-UHFFFAOYSA-N,0.016197573,-0.06989831,,2.711
VHFUHRXYRYWELT-UHFFFAOYSA-N,0.075696275,-0.075299785,,3.306
RDHPKYGYEGBMSE-UHFFFAOYSA-N,0.038656235,-0.04334753,,2.173
FGWQRDGADJMULT-UHFFFAOYSA-N,0.039961886,-0.07081735,,9.016
TVDSBUOJIPERQY-UHFFFAOYSA-N,0.06968628,-0.06679325,,3.708
JPMQWSJHCDLANT-UHFFFAOYSA-N,0.031993806,-0.12933457,,7.683
SJMLNDPIJZBEKY-UHFFFAOYSA-N,0.062694,-0.07765741,,3.395
JACMPVXHEARCBO-UHFFFAOYSA-N,0.01635791,-0.06590895,,7.931
VEFLKXRACNJHOV-UHFFFAOYSA-N,0.04746674,-0.036578767,,1.884
ZVWHURINXJWEER-UHFFFAOYSA-N,0.02988385,-0.13531315,,6.93
MHZGKXUYDGKKIU-UHFFFAOYSA-N,0.020171423,-0.051333673,,7.828
LFSXCDWNBUNEEM-UHFFFAOYSA-N,0.046762627,-0.08301896,,7.439
CYSGHNMQYZDMIA-UHFFFAOYSA-N,0.067356266,-0.12628484,,8.527
RAOIDOHSFRTOEL-UHFFFAOYSA-N,0.004895908,-0.020696018,,3.342
RDOXTESZEPMUJZ-UHFFFAOYSA-N,0.047121048,-0.06829189,,3.295
XEZNGIUYQVAUSS-UHFFFAOYSA-N,0.044649933,-0.09274804,,5.7
PAFZNILMFXTMIY-UHFFFAOYSA-N,0.018063277,-0.051820442,,8.15
JBTWLSYIZRCDFO-UHFFFAOYSA-N,0.06170548,-0.11978396,,4.928
RYMBAPVTUHZCNF-UHFFFAOYSA-N,0.051291265,-0.091812685,,6.372
JUJWROOIHBZHMG-UHFFFAOYSA-N,0.038273476,-0.06686786,,7.194
YFKBXYGUSOXJGS-UHFFFAOYSA-N,0.0446932,-0.100918785,,5.284
NCYVXEGFNDZQCU-UHFFFAOYSA-N,0.054627776,-0.119593926,,7.674
WZJYKHNJTSNBHV-UHFFFAOYSA-N,0.041513313,-0.07472192,,5.639
MJWNJEJCQHNDNM-UHFFFAOYSA-N,0.1939176,-0.22988287,,7.77
HCEKGPAHZCYRBZ-UHFFFAOYSA-N,0.05007596,-0.086660385,,4.906
PFEGFUCYOHBDJF-UHFFFAOYSA-N,0.052217063,-0.086604655,,5.3
VSUGUKXAAPOFPQ-UHFFFAOYSA-N,0.060678408,-0.10132306,,6.3
RGWHHWWMFUXNAX-ICWSVDNISA-N,0.01414018,-0.099497534,,5.661
WFJXYIUAMJAURQ-UHFFFAOYSA-N,0.17868447,-0.22261073,,8.745
VQGHOUODWALEFC-UHFFFAOYSA-N,0.037886146,-0.08296103,,6.239
QPJVMBTYPHYUOC-UHFFFAOYSA-N,0.045101956,-0.117290184,,5.039
NPZOFLLFFNIYON-LBPRGKRZSA-N,0.20563917,-0.22399525,,7.672
JVZRCNQLWOELDU-UHFFFAOYSA-N,0.037403613,-0.066375375,,7.417
IQZZFVDIZRWADY-UHFFFAOYSA-N,0.075775385,-0.109280884,,5.95
PCNDJXKNXGMECE-UHFFFAOYSA-N,0.035079177,-0.08217765,,5.995
JYYNAJVZFGKDEQ-UHFFFAOYSA-N,0.03621552,-0.07646692,,7.25
NBBJYMSMWIIQGU-UHFFFAOYSA-N,0.05672023,-0.08925783,,4.635
HZCDANOFLILNSA-UHFFFAOYSA-N,0.1261882,-0.17553763,,8.032
ZAFNJMIOTHYJRJ-UHFFFAOYSA-N,0.021278076,-0.09087283,,5.53
SUNMBRGCANLOEG-UHFFFAOYSA-N,0.11884577,-0.0698833,,4.223
CQQUWTMMFMJEFE-UHFFFAOYSA-N,0.07604834,-0.10821776,,7.017
CWHFDTWZHFRTAB-UHFFFAOYSA-N,0.04459532,-0.04532506,,4.773
BWZVCCNYKMEVEX-UHFFFAOYSA-N,0.024087343,-0.08420744,,8.15
CVQUWLDCFXOXEN-UHFFFAOYSA-N,0.077402405,-0.110569045,,7.572
AKODNVGCZKBUNT-UHFFFAOYSA-N,0.050910708,-0.12473262,,7.048
URAYPUMNDPQOKB-UHFFFAOYSA-N,0.06914534,-0.10692183,,4.928
NLHHRLWOUZZQLW-UHFFFAOYSA-N,0.053464346,-0.05224164,,4.617
HLDBHWJNZHGZMV-LLVKDONJSA-N,0.20627347,-0.2235137,,7.622
GCDVQIPVANUWJO-UHFFFAOYSA-N,0.07336384,-0.10792151,,8.75
VHBFFQKBGNRLFZ-UHFFFAOYSA-N,0.0413879,-0.1097642,,7.483
UKROGNGFIXLRHI-UHFFFAOYSA-N,0.032889906,-0.1273973,,7.08
PDQRQJVPEFGVRK-UHFFFAOYSA-N,0.0864208,-0.0907183,,4.223
DKLYDESVXZKCFI-UHFFFAOYSA-N,0.03520364,-0.13091339,,7.372
RDOWQLZANAYVLL-UHFFFAOYSA-N,0.043525375,-0.07617244,,7.217
JUNNTRSMCCUKGG-UHFFFAOYSA-N,0.049421366,-0.074843496,,6.017
XXBDWLFCJWSEKW-UHFFFAOYSA-N,0.023475157,-0.07931614,,6.594
YNAVUWVOSKDBBP-UHFFFAOYSA-N,0.045523748,-0.08182308,,7.194
ZTQSAGDEMFDKMZ-UHFFFAOYSA-N,0.056342185,-0.089692116,,4.738
ABXGMGUHGLQMAW-UHFFFAOYSA-N,0.06661002,-0.07796182,,4.662
HLDBHWJNZHGZMV-UHFFFAOYSA-N,0.20666657,-0.22361039,,7.6
SMWDFEZZVXVKRB-UHFFFAOYSA-N,0.04148371,-0.07504311,,7.261
LQNUZADURLCDLV-UHFFFAOYSA-N,0.06756192,-0.12193504,,3.728
DSGZADFUTPZEMZ-UHFFFAOYSA-N,0.05282015,-0.07377261,,5.639
WSJNYOVBJSOQST-UHFFFAOYSA-N,0.038545243,-0.118937775,,5.306
TZIHFWKZFHZASV-UHFFFAOYSA-N,0.088395774,-0.10683463,,4.517
AIMREYQYBFBEGQ-UHFFFAOYSA-N,0.066837445,-0.12696877,,3.995
VFTFKUDGYRBSAL-UHFFFAOYSA-N,0.04427366,-0.118033536,,5.55
HZXRDAIBHPCJLE-UHFFFAOYSA-N,0.07280082,-0.105901755,,5.89
AAAXMNYUNVCMCJ-UHFFFAOYSA-N,0.00778142,-0.027035482,,1.9
NUMQCACRALPSHD-UHFFFAOYSA-N,0.021069597,-0.08909157,,5.461
RWCCWEUUXYIKHB-UHFFFAOYSA-N,0.03211641,-0.095811695,,5.439
HPNMFZURTQLUMO-UHFFFAOYSA-N,0.016975181,-0.064909704,,7.872
ULKWBVNMJZUEBD-UHFFFAOYSA-N,0.042231195,-0.12207496,,8.105
IENJMFWWRIWLIW-UHFFFAOYSA-N,0.05646332,-0.101179294,,4.906
BRLQWZUYTZBJKN-VKHMYHEASA-N,0.07943325,-0.08758546,,4.039
UUWJBXKHMMQDED-UHFFFAOYSA-N,0.05281375,-0.08759956,,4.884
FYHIXFCITOCVKH-UHFFFAOYSA-N,0.06456455,-0.08697959,,5.995
PPMDSXRMQXBCJW-UHFFFAOYSA-N,0.05522893,-0.19384614,,9.098
VZXXYILNWWRSGE-UHFFFAOYSA-N,0.028159572,-0.09373409,,5.4
WRMNZCZEMHIOCP-UHFFFAOYSA-N,0.054210827,-0.06921022,,5.253
PWXRDOSRCIGJDM-UHFFFAOYSA-N,0.011140457,-0.021400299,,3.502
ATDGTVJJHBUTRL-UHFFFAOYSA-N,0.05262122,-0.04668962,,3.484
XXROGKLTLUQVRX-UHFFFAOYSA-N,0.05599034,-0.06909245,,4.841
KJPRLNWUNMBNBZ-QPJJXVBHSA-N,0.04360464,-0.097151935,,5.572
NSWLMOHUXYULKL-UHFFFAOYSA-N,0.078305155,-0.09608887,,6.983
NVJBFARDFTXOTO-UHFFFAOYSA-N,0.23549557,-0.2117665,,4.897
BVSPJPNNLDIUFE-UHFFFAOYSA-N,0.06773189,-0.18609226,,5.706
YEJRWHAVMIAJKC-UHFFFAOYSA-N,0.061443992,-0.1083866,,5.995
QGZKDVFQNNGYKY-UHFFFAOYSA-N,0.021235712,-0.041344468,,6.794
DKNWSYNQZKUICI-CHIWXEEVSA-N,0.015958048,-0.052691128,,8.194
NLPHXWGWBKZSJC-UHFFFAOYSA-N,0.060882747,-0.083067596,,5.217
UUIMDJFBHNDZOW-UHFFFAOYSA-N,0.03717711,-0.076513626,,6.217
ZKKBIZXAEDFPNL-HWKANZROSA-N,0.060311697,-0.07592273,,6.839
XDJAAZYHCCRJOK-UHFFFAOYSA-N,0.06412996,-0.05845669,,5.217
IVSZLXZYQVIEFR-UHFFFAOYSA-N,0.019988194,-0.0633479,,2.424
UHNHTTIUNATJKL-UHFFFAOYSA-N,0.12473965,-0.17959031,,5.852
MHDVGSVTJDSBDK-UHFFFAOYSA-N,0.024726786,-0.10899945,,4.506
RLVGHTRVYWUWSH-UHFFFAOYSA-N,0.028242229,-0.10301031,,7.728
DCNUQRBLZWSGAV-UHFFFAOYSA-N,0.061169766,-0.12195593,,6.195
DSSYKIVIOFKYAU-XCBNKYQSSA-N,0.025293129,-0.09175663,,5.972
RIOQSEWOXXDEQQ-UHFFFAOYSA-N,0.05579985,-0.08273741,,5.52
YUWFEBAXEOLKSG-UHFFFAOYSA-N,0.012804432,-0.07627063,,3.273
KBEBGUQPQBELIU-CMDGGOBGSA-N,0.04275611,-0.11409538,,5.595
SBYHFKPVCBCYGV-UHFFFAOYSA-N,0.017599706,-0.076392174,,9.083
MBHINSULENHCMF-UHFFFAOYSA-N,0.048300993,-0.11890949,,8.31
JKTCBAGSMQIFNL-UHFFFAOYSA-N,0.053654417,-0.071214646,,4.239
WFDIJRYMOXRFFG-UHFFFAOYSA-N,0.059953835,-0.11852121,,6.399
VZGDMQKNWNREIO-UHFFFAOYSA-N,0.031588864,-0.008082455,,0.618
XZIAFENWXIQIKR-UHFFFAOYSA-N,0.05045581,-0.11096747,,4.795
PYLWMHQQBFSUBP-UHFFFAOYSA-N,0.037085254,-0.07010366,,1.648
YHRUOJUYPBUZOS-UHFFFAOYSA-N,0.069502085,-0.057745986,,1.929
RYHBNJHYFVUHQT-UHFFFAOYSA-N,0.057543743,-0.080700055,,4.684
UCCTWLQOBSQILV-UHFFFAOYSA-N,0.05062177,-0.12210286,,7.783
PBMFSQRYOILNGV-UHFFFAOYSA-N,0.04764816,-0.0714048,,6.728
HTIRHQRTDBPHNZ-UHFFFAOYSA-N,0.010943057,-0.021904925,,3.604
YKYONYBAUNKHLG-UHFFFAOYSA-N,0.050645407,-0.114529885,,5.617
FJBFPHVGVWTDIP-UHFFFAOYSA-N,0.058740944,-0.02334037,,1.507
WVLBCYQITXONBZ-UHFFFAOYSA-N,0.06189215,-0.17091432,,8.463
NYYLZXREFNYPKB-UHFFFAOYSA-N,0.08177031,-0.19396363,,9.112
HHVIBTZHLRERCL-UHFFFAOYSA-N,0.15363494,-0.18527527,,6.172
AVQQQNCBBIEMEU-UHFFFAOYSA-N,0.04299401,-0.12044321,,8.483
XQQZRZQVBFHBHL-UHFFFAOYSA-N,0.04525376,-0.12683639,,5.572
ZDOYHCIRUPHUHN-UHFFFAOYSA-N,0.05404076,-0.1061926,,5.1
SUSQOBVLVYHIEX-UHFFFAOYSA-N,0.05210446,-0.06311154,,4.802
RHMPLDJJXGPMEX-UHFFFAOYSA-N,0.08395323,-0.07055573,,2.781
XLSZMDLNRCVEIJ-UHFFFAOYSA-N,0.09244252,-0.10061701,,8.927
IOJUPLGTWVMSFF-UHFFFAOYSA-N,0.06493625,-0.09779215,,6.056
QWPYVYJPIHGYGX-RZIOALPKSA-N,0.048867796,-0.11204041,,3.817
QJQAMHYHNCADNR-UHFFFAOYSA-N,0.06352656,-0.118527696,,8.039
JJHHIJFTHRNPIK-UHFFFAOYSA-N,0.19330418,-0.22900984,,7.483
VCYZVXRKYPKDQB-UHFFFAOYSA-N,0.08807909,-0.0992436,,4.706
JYMNQRQQBJIMCV-UHFFFAOYSA-N,0.057220645,-0.068446994,,5.839
MUUWQYQRBFVTIB-UHFFFAOYSA-N,0.025895823,-0.07824184,,8.7
ODHXBMXNKOYIBV-UHFFFAOYSA-N,0.021101877,-0.05695588,,3.608
PHWISQNXPLXQRU-UHFFFAOYSA-N,0.06479863,-0.05680087,,4.173
HHEIMYAXCOIQCJ-UHFFFAOYSA-N,0.03466267,-0.11692033,,5.373
DVVGIUUJYPYENY-UHFFFAOYSA-N,0.06332496,-0.120393604,,8.772
ISWSIDIOOBJBQZ-UHFFFAOYSA-N,0.06876516,-0.05191557,,2.884
BEZDDPMMPIDMGJ-UHFFFAOYSA-N,0.01591218,-0.07358059,,2.781
OIWFZENWZGPLQZ-UHFFFAOYSA-N,0.053792726,-0.06933532,,5.665
QKZRSIWEFMDUIL-UHFFFAOYSA-N,0.026873387,-0.11068772,,6.706
AQNQQHJNRPDOQV-UHFFFAOYSA-N,0.026446562,-0.04642374,,2.506
YXTROGRGRSPWKL-UHFFFAOYSA-N,0.036756475,-0.12269665,,7.87
HXJUTPCZVOIRIF-UHFFFAOYSA-N,0.14147201,-0.18589458,,6.328
GAEKPEKOJKCEMS-BYPYZUCNSA-N,0.05330649,-0.110672474,,6.239
HQABUPZFAYXKJW-UHFFFAOYSA-N,0.020094313,-0.05141403,,7.972
AUFIRGPROMANKW-UHFFFAOYSA-N,0.0230458,-0.08956942,,7.461
JEJBXIHZMUVILV-QMMMGPOBSA-N,0.010235067,-0.02288366,,3.605
LRMLWYXJORUTBG-UHFFFAOYSA-N,0.09713873,-0.21492288,,10.71
ICSNLGPSRYBMBD-UHFFFAOYSA-N,0.049105488,-0.080878854,,7.772
VFWCMGCRMGJXDK-UHFFFAOYSA-N,0.055866726,-0.06825586,,2.151
VZXXYILNWWRSGE-OCAPTIKFSA-N,0.02250927,-0.09291954,,5.439
NOFXHGGTQGRTTJ-UHFFFAOYSA-N,0.06485181,-0.10287552,,7.439
JKANAVGODYYCQF-UHFFFAOYSA-N,0.06588126,-0.055010546,,6.55
OXHNLMTVIGZXSG-UHFFFAOYSA-N,0.056676432,-0.0980393,,3.646
JFDZBHWFFUWGJE-UHFFFAOYSA-N,0.043700196,-0.054928564,,4.839
WMQUKDQWMMOHSA-UHFFFAOYSA-N,0.053562593,-0.08824477,,6.395
JXTGICXCHWMCPM-UHFFFAOYSA-N,0.19254789,-0.22907744,,7.8
CELKOWQJPVJKIL-UHFFFAOYSA-N,0.05776894,-0.06401524,,6.061
KFZMGEQAYNKOFK-UHFFFAOYSA-N,0.04895086,-0.07427925,,5.459
SKECXRFZFFAANN-UHFFFAOYSA-N,0.050975513,-0.06250425,,5.395
QSACPWSIIRFHHR-UHFFFAOYSA-N,0.04146518,-0.056041438,,4.973
JIHQDMXYYFUGFV-UHFFFAOYSA-N,0.06704306,-0.058182232,,3.773
ULYZAYCEDJDHCC-UHFFFAOYSA-N,0.05146177,-0.07049597,,2.395
MCTWTZJPVLRJOU-UHFFFAOYSA-N,0.06562275,-0.10389108,,9.061
UNFUYWDGSFDHCW-UHFFFAOYSA-N,0.040889017,-0.07077954,,2.462
ROFVEXUMMXZLPA-UHFFFAOYSA-N,0.038557544,-0.07255261,,5.617
JNAKRDAEBSBJGO-UHFFFAOYSA-N,0.0271846,-0.10430277,,7.622
ALCDAWARCQFJBA-UHFFFAOYSA-N,0.008129196,-0.016271945,,3.4
VEZXCJBBBCKRPI-UHFFFAOYSA-N,0.074142605,-0.09441287,,4.973
VIZNDSYPXQJMCM-UHFFFAOYSA-N,0.043631945,-0.09080315,,3.842
ZWEHNKRNPOVVGH-UHFFFAOYSA-N,0.03788127,-0.09516217,,5.772
DQWPFSLDHJDLRL-UHFFFAOYSA-N,0.05065981,-0.17456092,,8.781
CSTJIJYJEWKYGH-UHFFFAOYSA-N,0.10162553,-0.094325356,,4.839
RNVCVTLRINQCPJ-UHFFFAOYSA-N,0.038532067,-0.0629152,,4.532
SHQSVMDWKBRBGB-UHFFFAOYSA-N,0.027809352,-0.084838845,,5.284
OEPRBXUJOQLYID-UHFFFAOYSA-N,0.051825445,-0.082267456,,2.929
VVJKKWFAADXIJK-UHFFFAOYSA-N,0.021776065,-0.05148813,,7.372
QMMFVYPAHWMCMS-UHFFFAOYSA-N,0.011720492,-0.011902399,,3.502
RUOJZAUFBMNUDX-VKHMYHEASA-N,0.09208755,-0.10021409,,5.772
LSBIUXKNVUBKRI-UHFFFAOYSA-N,0.04937937,-0.07525591,,6.328
LOWMYOWHQMKBTM-UHFFFAOYSA-N,0.17929137,-0.22771654,,8.705
GEOWCLRLLWTHDN-UHFFFAOYSA-N,0.09474306,-0.09822854,,4.506
KWRGMBARTDLYSH-UHFFFAOYSA-N,0.054306787,-0.08458181,,7.505
MVPPADPHJFYWMZ-UHFFFAOYSA-N,0.037053578,-0.043694146,,1.753
LCZUOKDVTBMCMX-UHFFFAOYSA-N,0.044141028,-0.074029595,,5.928
VKYKSIONXSXAKP-UHFFFAOYSA-N,0.028959652,-0.07964233,,6.017
ATVJXMYDOSMEPO-UHFFFAOYSA-N,0.022304304,-0.09418349,,4.617
QANVSPFERJBPTO-UHFFFAOYSA-N,0.035437934,-0.11089058,,7.97
USIUVYZYUHIAEV-UHFFFAOYSA-N,0.02748345,-0.072709836,,3.13
HVTICUPFWKNHNG-UHFFFAOYSA-N,0.008091848,-0.015921392,,2.0
FEWLNYSYJNLUOO-UHFFFAOYSA-N,0.06407222,-0.11623792,,7.661
RTZKZFJDLAIYFH-UHFFFAOYSA-N,0.02399429,-0.0840247,,5.306
UHOVQNZJYSORNB-UHFFFAOYSA-N,0.019898526,-0.056518026,,2.124
YHQMSHVVGOSZEW-UHFFFAOYSA-N,0.07135156,-0.19525957,,8.967
CPWSNJSGSXXVLD-CHIWXEEVSA-N,0.017193906,-0.08795777,,3.64
XEKOWRVHYACXOJ-UHFFFAOYSA-N,0.050741285,-0.11389623,,5.439
JLSSWDFCYXSLQX-UHFFFAOYSA-N,0.05904595,-0.10446264,,5.061
BGNGWHSBYQYVRX-UHFFFAOYSA-N,0.054527543,-0.10591778,,6.461
NYPYPOZNGOXYSU-UHFFFAOYSA-N,0.05246238,-0.054942496,,5.972
AFHUWZFARIICFX-UHFFFAOYSA-N,0.056074202,-0.115086794,,6.39
PAAZPARNPHGIKF-UHFFFAOYSA-N,0.045257658,-0.029368266,,1.662
BWHOZHOGCMHOBV-BQYQJAHWSA-N,0.03409775,-0.10101247,,6.128
BMVXCPBXGZKUPN-UHFFFAOYSA-N,0.020204859,-0.051462766,,7.725
STSCVKRWJPWALQ-UHFFFAOYSA-N,0.0804459,-0.065632015,,3.24
YNBADRVTZLEFNH-UHFFFAOYSA-N,0.06165187,-0.11239159,,6.372
MNOILHPDHOHILI-UHFFFAOYSA-N,0.03831007,-0.074840605,,6.06
YKOQQFDCCBKROY-UHFFFAOYSA-N,0.04481,-0.12143611,,7.712
GOBGVVAHHOUMDK-UHFFFAOYSA-N,0.04103492,-0.08527899,,3.262
UIHCLUNTQKBZGK-UHFFFAOYSA-N,0.03507418,-0.09398073,,5.8
LDLCZOVUSADOIV-UHFFFAOYSA-N,0.070427775,-0.057404008,,4.223
VJPAMLCBTIWAHI-UHFFFAOYSA-N,0.042792253,-0.10703316,,7.239
CSCPPACGZOOCGX-UHFFFAOYSA-N,0.04525867,-0.09419694,,5.684
SAANJXKHPZBABZ-UHFFFAOYSA-N,0.04847808,-0.125088,,7.33
MTAODLNXWYIKSO-UHFFFAOYSA-N,0.06004064,-0.07977288,,5.173
XEJIHKUDPINBCS-UHFFFAOYSA-N,0.086985596,-0.07434408,,7.083
WMFABESKCHGSRC-UHFFFAOYSA-N,0.06394629,-0.09108695,,2.751
SRPCLECGIYMIMN-CSKARUKUSA-N,0.05013955,-0.10828952,,7.283
CDQSTBHGKNNPSY-UHFFFAOYSA-N,0.04445088,-0.123364605,,7.868
WPYMKLBDIGXBTP-UHFFFAOYSA-N,0.06269118,-0.117634,,4.944
JECUZQLBQKNEMW-UHFFFAOYSA-N,0.043542583,-0.10045554,,5.75
UYFJYGWNYQCHOB-UHFFFAOYSA-N,0.04050693,-0.099111944,,5.839
VCHOFVSNWYPAEF-UHFFFAOYSA-N,0.06208791,-0.08866335,,5.639
UMPRJGKLMUDRHL-UHFFFAOYSA-N,0.055849757,-0.10900778,,5.017
DXVVZIGSMCTRDV-UHFFFAOYSA-N,0.12010472,-0.23552473,,8.861
FDPIMTJIUBPUKL-UHFFFAOYSA-N,0.031069793,-0.09513211,,5.595
VAJCYQHLYBTSHG-UHFFFAOYSA-N,0.046262026,-0.13310608,,7.394
ZZTSQZQUWBFTAT-UHFFFAOYSA-N,0.054746617,-0.06956235,,6.683
XDOKVFJJVSLHDJ-UHFFFAOYSA-N,0.1012452,-0.16449723,,7.839
ODKLEQPZOCJQMT-UHFFFAOYSA-N,0.036986656,-0.06809572,,9.483
GXMIHVHJTLPVKL-UHFFFAOYSA-N,0.03554944,-0.105636045,,8.083
FJKIXWOMBXYWOQ-UHFFFAOYSA-N,0.034234628,-0.08397996,,3.284
DACIGVIOAFXPHW-CDECOKDKSA-N,0.03049165,-0.0965849,,5.95
MTJVUMGKHCIMJL-UHFFFAOYSA-N,0.035312913,-0.10621657,,8.003
SYBYTAAJFKOIEJ-UHFFFAOYSA-N,0.034790356,-0.09406002,,5.634
BHHGXPLMPWCGHP-UHFFFAOYSA-N,0.024133878,-0.05709815,,7.861
KYVBNYUBXIEUFW-UHFFFAOYSA-N,0.035121087,-0.08548261,,10.19
UQEAIHBTYFGYIE-UHFFFAOYSA-N,0.12494696,-0.041193336,,1.884
NZZFYRREKKOMAT-UHFFFAOYSA-N,0.014965597,-0.039180674,,1.6
KRZCOLNOCZKSDF-UHFFFAOYSA-N,0.05297807,-0.07274092,,4.348
DHYHYLGCQVVLOQ-UHFFFAOYSA-N,0.04858639,-0.0523274,,3.437
YVXHZKKCZYLQOP-UHFFFAOYSA-N,0.06092771,-0.053402826,,2.678
POLCUAVZOMRGSN-UHFFFAOYSA-N,0.022252984,-0.086957686,,5.195
WDAXFOBOLVPGLV-UHFFFAOYSA-N,0.037598487,-0.115536556,,5.484
PJYTYJGMJDIKEJ-UHFFFAOYSA-N,0.042803075,-0.08443253,,5.75
HEDRZPFGACZZDS-UHFFFAOYSA-N,0.09559165,-0.023627512,,0.824
NQRYJNQNLNOLGT-UHFFFAOYSA-N,0.018090257,-0.06685493,,8.35
ORPHOKOVVUFNKE-UHFFFAOYSA-N,0.048473235,-0.1253123,,7.301
STZZWJCGRKXEFF-UHFFFAOYSA-N,0.09802832,-0.026835557,,3.399
VNXYDFNVQBICRO-UHFFFAOYSA-N,0.120210946,-0.053012803,,2.151
LFSAPCRASZRSKS-LURJTMIESA-N,0.027987918,-0.093643524,,5.884
NAMYKGVDVNBCFQ-UHFFFAOYSA-N,0.032550942,-0.04624285,,2.395
BHTSNYQWLQLLOD-WUQLGEGHSA-N,0.019784305,-0.09907908,,5.461
HTJDQJBWANPRPF-UHFFFAOYSA-N,0.01758976,-0.05632111,,6.928
SELYJABLPLKXOY-UHFFFAOYSA-N,0.052402608,-0.12921421,,7.061
NZNMSOFKMUBTKW-UHFFFAOYSA-N,0.06345752,-0.114249416,,5.4
JJWLVOIRVHMVIS-UHFFFAOYSA-N,0.01690453,-0.05169479,,7.994
GRIXINIGTYIHSN-UHFFFAOYSA-N,0.07377295,-0.11706901,,6.181
RGTLAJIDOSPEDH-UHFFFAOYSA-N,0.042078473,-0.10345584,,5.084
VPYJNCGUESNPMV-UHFFFAOYSA-N,0.017101139,-0.087832026,,6.143
HFZKOYWDLDYELC-UHFFFAOYSA-N,0.06284157,-0.123580374,,4.084
VDFVNEFVBPFDSB-UHFFFAOYSA-N,0.051806107,-0.08084831,,4.462
IGTWYMQBGKAFCF-VOTSOKGWSA-N,0.08208653,-0.1459897,,6.506
GZPHSAQLYPIAIN-UHFFFAOYSA-N,0.06572582,-0.048515238,,5.284
VEUUMBGHMNQHGO-UHFFFAOYSA-N,0.09016812,-0.09800691,,4.55
DKGAVHZHDRPRBM-UHFFFAOYSA-N,0.04553924,-0.0765068,,5.665
WDGYPUOJGIEZMO-CSKARUKUSA-N,0.08034764,-0.20524469,,7.083
PJGSXYOJTGTZAV-UHFFFAOYSA-N,0.03230743,-0.09600014,,5.728
IEJIGPNLZYLLBP-UHFFFAOYSA-N,0.06338732,-0.11772175,,4.884
BXRFQSNOROATLV-UHFFFAOYSA-N,0.08982163,-0.11018993,,3.862
MCSAJNNLRCFZED-UHFFFAOYSA-N,0.10276366,-0.118114874,,3.773
QFHAGCRNENPASY-GQCTYLIASA-N,0.07742051,-0.101069555,,7.705
CGZZMOTZOONQIA-UHFFFAOYSA-N,0.030556306,-0.09675211,,6.195
AZQWKYJCGOJGHM-UHFFFAOYSA-N,0.050360195,-0.07217463,,4.862
RTJGTTXUCVCPIQ-UHFFFAOYSA-N,0.11416944,-0.19187164,,10.26
HXVNBWAKAOHACI-UHFFFAOYSA-N,0.022018822,-0.09396805,,5.461
LYGJENNIWJXYER-UHFFFAOYSA-N,0.11381955,-0.11335875,,3.662
RJGDLRCDCYRQOQ-UHFFFAOYSA-N,0.03565953,-0.09957137,,5.639
ZRLDBDZSLLGDOX-UHFFFAOYSA-N,0.04638799,-0.09728274,,7.55
RXYPXQSKLGGKOL-UHFFFAOYSA-N,0.031394824,-0.083744206,,7.239
CGHIBGNXEGJPQZ-UHFFFAOYSA-N,0.060882375,-0.05334258,,2.369
AUQDITHEDVOTCU-UHFFFAOYSA-N,0.04186133,-0.05524622,,5.35
UPOSSYJVWXLPTA-UHFFFAOYSA-N,0.034803934,-0.09424928,,5.728
JBYHSSAVUBIJMK-UHFFFAOYSA-N,0.032237258,-0.08814593,,4.697
LZDKZFUFMNSQCJ-UHFFFAOYSA-N,0.027364,-0.07682012,,5.484
SECXISVLQFMRJM-UHFFFAOYSA-N,0.047150604,-0.11599669,,8.35
GSCLMSFRWBPUSK-VKHMYHEASA-N,0.06495076,-0.09676937,,5.217
YVBMXGVGOLXFFS-UHFFFAOYSA-N,0.04155054,-0.106581084,,6.35
BLXSFCHWMBESKV-UHFFFAOYSA-N,0.004526553,-0.017877169,,2.2
PDLCCNYKIIUWHA-UHFFFAOYSA-N,0.041283496,-0.098914854,,5.75
URLKBWYHVLBVBO-UHFFFAOYSA-N,0.018932186,-0.06304665,,2.458
DRUIESSIVFYOMK-UHFFFAOYSA-N,0.03420767,-0.010097871,,2.344
BZLVMXJERCGZMT-UHFFFAOYSA-N,0.030362487,-0.08877446,,5.706
BBLDTXFLAHKYFJ-UHFFFAOYSA-N,0.013560832,-0.09774424,,6.239
XUVKSPPGPPFPQN-UHFFFAOYSA-N,0.053409733,-0.106405966,,7.328
FFNVQNRYTPFDDP-UHFFFAOYSA-N,0.061739482,-0.068755776,,4.95
YYVYAPXYZVYDHN-UHFFFAOYSA-N,0.050475918,-0.098663196,,5.284
LJXQPZWIHJMPQQ-UHFFFAOYSA-N,0.06829098,-0.07571833,,7.172
SUDHEDJJFGYYPL-UHFFFAOYSA-N,0.05083789,-0.13079762,,7.128
UIQGEWJEWJMQSL-UHFFFAOYSA-N,0.02275211,-0.098748565,,5.195
BIPUHAHGLJKIPK-UHFFFAOYSA-N,0.026594192,-0.10321411,,6.083
JEDHEXUPBRMUMB-UHFFFAOYSA-N,0.046816256,-0.0800479,,8.461
IWTFOFMTUOBLHG-UHFFFAOYSA-N,0.04845628,-0.07547166,,5.261
MJUJXFBTEFXVKU-UHFFFAOYSA-N,0.121024065,-0.17777084,,8.265
CODXZFSZJFCVBE-UHFFFAOYSA-N,0.0637938,-0.06323106,,5.459
FMKOJHQHASLBPH-UHFFFAOYSA-N,0.007974258,-0.021803983,,2.2
XFRSYDKTYAUVAW-UHFFFAOYSA-N,0.032841306,-0.096001856,,8.194
WAULAQAPARJWJJ-UHFFFAOYSA-N,0.0049089235,-0.017177353,,3.548
IWDCLRJOBJJRNH-UHFFFAOYSA-N,0.070039466,-0.05292634,,3.09
HUTDHWXNOSDRBN-UHFFFAOYSA-N,0.03278376,-0.10387589,,7.994
CSJAXRKDCCWCSJ-UHFFFAOYSA-N,0.07209765,-0.12059505,,9.847
LSCYTCMNCWMCQE-UHFFFAOYSA-N,0.04958969,-0.07557571,,9.038
JWVCLYRUEFBMGU-UHFFFAOYSA-N,0.05361581,-0.07608768,,6.506
XTHFKEDIFFGKHM-UHFFFAOYSA-N,0.0373625,-0.07529756,,5.328
XHNTVKASLQLNFM-UHFFFAOYSA-N,0.041338515,-0.104718715,,9.549
OOWFYDWAMOKVSF-UHFFFAOYSA-N,0.04820496,-0.057613194,,5.078
LNDJVIYUJOJFSO-UHFFFAOYSA-N,0.104219474,-0.03752753,,3.728
BNLLHLUAOXAUNQ-UHFFFAOYSA-N,0.063306384,-0.05820566,,5.595
YSTPAHQEHQSRJD-VIFPVBQESA-N,0.028973166,-0.09848941,,6.137
BGTOWKSIORTVQH-UHFFFAOYSA-N,0.02812193,-0.091617085,,5.884
VVBLNCFGVYUYGU-UHFFFAOYSA-N,0.031528924,-0.09466376,,7.35
FZUGPQWGEGAKET-UHFFFAOYSA-N,0.037987594,-0.11560564,,6.283
ISXOBTBCNRIIQO-UHFFFAOYSA-N,0.18824582,-0.22581816,,8.554
WXBWKMLIVXELSF-UHFFFAOYSA-N,0.07280089,-0.0801879,,5.373
DMBHHRLKUKUOEG-UHFFFAOYSA-N,0.031013373,-0.06313311,,3.24
XSAYZAUNJMRRIR-UHFFFAOYSA-N,0.040062893,-0.09884256,,5.572
BDERNNFJNOPAEC-UHFFFAOYSA-N,0.053766996,-0.07118261,,5.253
OCGXPFSUJVHRHA-UHFFFAOYSA-N,0.055300087,-0.12223654,,8.194
FVSKHRXBFJPNKK-UHFFFAOYSA-N,0.05467387,-0.05163953,,5.195
VBZWSGALLODQNC-UHFFFAOYSA-N,0.12456304,-0.029813498,,2.629
QDDLRYYYCREGPC-DTJXOCLSSA-N,0.01111147,-0.098792925,,6.261
JXTGICXCHWMCPM-VIFPVBQESA-N,0.19309825,-0.22910474,,7.828
IYIAWAACGTUPCC-UHFFFAOYSA-N,0.09256309,-0.16640335,,6.328
RWRDLPDLKQPQOW-UHFFFAOYSA-N,0.017915916,-0.069409996,,8.816
KAESVJOAVNADME-UHFFFAOYSA-N,0.08154465,-0.085198775,,4.12
GGSUCNLOZRCGPQ-UHFFFAOYSA-N,0.024171019,-0.07424219,,4.877
JLTDJTHDQAWBAV-UHFFFAOYSA-N,0.039105278,-0.075789474,,4.233
UOCLXMDMGBRAIB-UHFFFAOYSA-N,0.06445425,-0.032613534,,1.545
PLUBXMRUUVWRLT-UHFFFAOYSA-N,0.13040273,-0.17253923,,5.328
ILVXOBCQQYKLDS-UHFFFAOYSA-N,0.05866551,-0.14981589,,8.952
BLKXLEPPVDUHBY-UHFFFAOYSA-N,0.11927423,-0.18181208,,8.59
JMVIVASFFKKFQK-UHFFFAOYSA-N,0.048300304,-0.12510926,,7.114
AOPDRZXCEAKHHW-UHFFFAOYSA-N,0.020798443,-0.08624136,,5.356
OSWPMRLSEDHDFF-UHFFFAOYSA-N,0.047719855,-0.11626237,,3.773
SWIMPUZQSVMCCL-UHFFFAOYSA-N,0.044004418,-0.12277018,,8.594
PPBRXRYQALVLMV-UHFFFAOYSA-N,0.022246778,-0.054989155,,2.462
DWPLEOPKBWNPQV-UHFFFAOYSA-N,0.043257467,-0.09812323,,6.039
IDJCCRRYIMWLSQ-UHFFFAOYSA-N,0.049079627,-0.12530142,,7.517
HUMNYLRZRPPJDN-UHFFFAOYSA-N,0.044849537,-0.094136916,,4.795
WYACBZDAHNBPPB-UHFFFAOYSA-N,0.05894749,-0.08686197,,4.506
PKZJLOCLABXVMC-UHFFFAOYSA-N,0.06233462,-0.10164189,,5.528
REYJJPSVUYRZGE-UHFFFAOYSA-N,0.02079206,-0.05051768,,8.14
BNUHAJGCKIQFGE-UHFFFAOYSA-N,0.079564705,-0.12696572,,4.17
FLFWJIBUZQARMD-UHFFFAOYSA-N,0.0887612,-0.06399786,,5.817
KSMVZQYAVGTKIV-UHFFFAOYSA-N,0.055868153,-0.08973899,,4.738
OZKOMUDCMCEDTM-UHFFFAOYSA-N,0.04605612,-0.07192167,,7.217
WXEHBUMAEPOYKP-UHFFFAOYSA-N,0.013229136,-0.018396953,,3.106
SHOJXDKTYKFBRD-UHFFFAOYSA-N,0.03002893,-0.09827493,,5.761
OQEINIBVOPRVOG-UHFFFAOYSA-N,0.056282677,-0.0940416,,8.599
AVPYQKSLYISFPO-UHFFFAOYSA-N,0.061174512,-0.082779355,,4.462
SYMPSOJKDIMXKZ-UHFFFAOYSA-N,0.04902891,-0.13677818,,6.195
YIIMEMSDCNDGTB-UHFFFAOYSA-N,0.06394535,-0.08993499,,5.284
BUZYGTVTZYSBCU-UHFFFAOYSA-N,0.05789096,-0.08729346,,5.128
DQYDFMBXYUTXOK-UHFFFAOYSA-N,0.03257548,-0.12631743,,7.66
FHUDAMLDXFJHJE-UHFFFAOYSA-N,0.085586965,-0.06484297,,2.929
MXHTZQSKTCCMFG-UHFFFAOYSA-N,0.022423677,-0.07680572,,3.79
NPKXLCMBIGGTTQ-UHFFFAOYSA-N,0.03768945,-0.11801818,,5.961
WGJCBBASTRWVJL-UHFFFAOYSA-N,0.048971135,-0.093728475,,5.995
MSXIOWULDXZJLX-UHFFFAOYSA-N,0.051822014,-0.087229215,,7.75
BULLHNJGPPOUOX-UHFFFAOYSA-N,0.08015693,-0.076059364,,4.528
NTIZESTWPVYFNL-UHFFFAOYSA-N,0.036339894,-0.09481535,,5.661
VJXRKZJMGVSXPX-UHFFFAOYSA-N,0.037879393,-0.06875103,,7.661
PERWAYOEWJEJNO-UHFFFAOYSA-N,0.076334745,-0.08941625,,7.883
NURQLCJSMXZBPC-UHFFFAOYSA-N,0.038001187,-0.0703608,,8.039
ADSOSINJPNKUJK-UHFFFAOYSA-N,0.036859553,-0.07584827,,7.239
NAIVIVMHCDWBEF-UHFFFAOYSA-N,0.057099078,-0.11455509,,6.517
SZIFAVKTNFCBPC-UHFFFAOYSA-N,0.076407544,-0.06325191,,4.223
FXHOOIRPVKKKFG-UHFFFAOYSA-N,0.05004348,-0.11977014,,8.483
AQNQZLOSBFEYBX-UHFFFAOYSA-N,0.2067023,-0.22327752,,8.2
FGLBSLMDCBOPQK-UHFFFAOYSA-N,0.091865815,-0.12296578,,3.973
NUKYPUAOHBNCPY-UHFFFAOYSA-N,0.0760775,-0.08082417,,8.75
PHWSCBWNPZDYRI-UHFFFAOYSA-N,0.08272304,-0.109422535,,4.462
RKSOPLXZQNSWAS-UHFFFAOYSA-N,0.023263251,-0.049619775,,2.34
DHXVGJBLRPWPCS-UHFFFAOYSA-N,0.030965976,-0.08824372,,5.795
CSVFWMMPUJDVKH-UHFFFAOYSA-N,0.062177517,-0.05988495,,3.617
ARKIFHPFTHVKDT-UHFFFAOYSA-N,0.08027965,-0.11253536,,4.595
NEKCOKJRDOPRSK-UHFFFAOYSA-N,0.084906496,-0.13917401,,6.304
DAZXVJBJRMWXJP-UHFFFAOYSA-N,0.021515466,-0.081482254,,7.883
KYQCOXFCLRTKLS-UHFFFAOYSA-N,0.052287538,-0.060360275,,5.106
QARVLSVVCXYDNA-UHFFFAOYSA-N,0.033090517,-0.048169598,,1.378
MVUMJYQUKKUOHO-AATRIKPKSA-N,0.061663773,-0.1362074,,7.725
QAUUDNIGJSLPSX-UHFFFAOYSA-N,0.075385146,-0.10921757,,3.8
WSLDOOZREJYCGB-UHFFFAOYSA-N,0.0936777,-0.055640787,,2.369
YXWJGZQOGXGSSC-UHFFFAOYSA-N,0.14050102,-0.0317666,,3.075
SYEXGNJRYPOUSI-UHFFFAOYSA-N,0.041440304,-0.11720676,,5.42
BEUGBYXJXMVRFO-UHFFFAOYSA-N,0.03207382,-0.09476368,,6.972
OHLUUHNLEMFGTQ-UHFFFAOYSA-N,0.06650599,-0.11926137,,8.172
AUHZEENZYGFFBQ-UHFFFAOYSA-N,0.018644169,-0.066320494,,2.686
FERIUCNNQQJTOY-UHFFFAOYSA-N,0.063863695,-0.11326077,,4.944
VHYFNPMBLIVWCW-UHFFFAOYSA-N,0.0486089,-0.08074784,,9.283
RHQDFWAXVIIEBN-UHFFFAOYSA-N,0.10663231,-0.06787555,,2.472
OZJPLYNZGCXSJM-UHFFFAOYSA-N,0.060436763,-0.11646892,,6.55
FDDDTDSPQXLQFY-UHFFFAOYSA-N,0.06608037,-0.07840974,,7.24
GCUVJAHASMTIRG-UHFFFAOYSA-N,0.03493225,-0.10170735,,5.95
XLYOFNOQVPJJNP-UHFFFAOYSA-N,0.057233244,-0.067079976,,4.5
OIFBSDVPJOWBCH-UHFFFAOYSA-N,0.048311,-0.12198199,,5.017
MPPPKRYCTPRNTB-UHFFFAOYSA-N,0.035956137,-0.044468056,,2.307
WGQKYBSKWIADBV-UHFFFAOYSA-N,0.024006039,-0.058636248,,7.24
QVWDCTQRORVHHT-UHFFFAOYSA-N,0.042819884,-0.10719572,,7.439
XBNGYFFABRKICK-UHFFFAOYSA-N,0.11858331,-0.044821724,,0.824
WURBFLDFSFBTLW-UHFFFAOYSA-N,0.041089196,-0.092231974,,4.706
VAYTZRYEBVHVLE-UHFFFAOYSA-N,0.10498537,-0.09469727,,4.595
UGEJOEBBMPOJMT-UHFFFAOYSA-N,0.09346993,-0.06939259,,2.266
IKHGUXGNUITLKF-UHFFFAOYSA-N,0.061060037,-0.089405924,,4.506
PVMNPAUTCMBOMO-UHFFFAOYSA-N,0.05690928,-0.048987634,,6.483
VLLNJDMHDJRNFK-CHIWXEEVSA-N,0.04653003,-0.074764326,,5.871
LEIMLDGFXIOXMT-UHFFFAOYSA-N,0.13560227,-0.05702243,,5.128
OISVCGZHLKNMSJ-UHFFFAOYSA-N,0.029972404,-0.08208591,,7.816
AHJWSRRHTXRLAQ-UHFFFAOYSA-N,0.039593294,-0.08735438,,4.973
FKNQCJSGGFJEIZ-UHFFFAOYSA-N,0.03753233,-0.06872231,,7.661
YEEMHJNIVXNCSN-UHFFFAOYSA-N,0.0706866,-0.10510204,,8.04
NUJGJRNETVAIRJ-UHFFFAOYSA-N,0.055793762,-0.08981926,,4.635
WEEGYLXZBRQIMU-UHFFFAOYSA-N,0.014223818,-0.09502638,,6.13
ANGGPYSFTXVERY-UHFFFAOYSA-N,0.0069844797,-0.015326297,,2.3
OPXCUUJACRRYMC-UHFFFAOYSA-N,0.0442605,-0.07339513,,5.328
SJNALLRHIVGIBI-UHFFFAOYSA-N,0.05249483,-0.056288075,,4.995
LVQDLURAEDSMES-UHFFFAOYSA-N,0.043346796,-0.11454044,,7.931
CFPIZMWTMRWZRO-UHFFFAOYSA-N,0.059069972,-0.11531824,,5.061
VSYFZULSKMFUJJ-UHFFFAOYSA-N,0.04800339,-0.115381904,,8.616
UMFJAHHVKNCGLG-UHFFFAOYSA-N,0.06388211,-0.094594695,,5.817
MSPDNPMYZVJMAM-OVMOHIIOSA-N,0.04028001,-0.099120386,,5.95
KDISMIMTGUMORD-UHFFFAOYSA-N,0.045865342,-0.1211445,,8.165
QKPVEISEHYYHRH-UHFFFAOYSA-N,0.072646916,-0.08467174,,4.666
HGCIXCUEYOPUTN-UHFFFAOYSA-N,0.012800668,-0.03215288,,1.24
KYVIFDXEMABEDB-UHFFFAOYSA-N,0.040638145,-0.12122518,,8.416
WZADGDPHGLPABW-UHFFFAOYSA-N,0.044942345,-0.073532715,,5.617
WCFDSGHAIGTEKL-UHFFFAOYSA-N,0.1030345,-0.18153186,,5.95
APLHDUWNMGJBFD-UHFFFAOYSA-N,0.058525562,-0.061147682,,6.617
GGDYAKVUZMZKRV-UHFFFAOYSA-N,0.06955406,-0.07550847,,4.326
WYURNTSHIVDZCO-UHFFFAOYSA-N,0.029994136,-0.09074194,,5.906
LSXWFXONGKSEMY-UHFFFAOYSA-N,0.015112275,-0.09149701,,3.351
XQABVLBGNWBWIV-UHFFFAOYSA-N,0.05658489,-0.06889164,,7.794
KKHBRTFQIYIHEI-UHFFFAOYSA-N,0.06540902,-0.08977759,,7.083
NWPWRAWAUYIELB-UHFFFAOYSA-N,0.03828103,-0.11895273,,5.395
HUDYANRNMZDQGA-UHFFFAOYSA-N,0.05323444,-0.10945645,,6.972
NVJUHMXYKCUMQA-UHFFFAOYSA-N,0.024282267,-0.08571053,,5.15
YSHMQTRICHYLGF-UHFFFAOYSA-N,0.0366115,-0.069249645,,7.75
QPKDBLGFWZSDSB-UHFFFAOYSA-N,0.055942085,-0.07681324,,4.899
OBNCKNCVKJNDBV-UHFFFAOYSA-N,0.043180015,-0.1148926,,5.528
FSPSELPMWGWDRY-UHFFFAOYSA-N,0.04082362,-0.098519064,,5.506
FRGXNJWEDDQLFH-UHFFFAOYSA-N,0.037414223,-0.068601996,,7.416
BUDQDWGNQVEFAC-UHFFFAOYSA-N,0.04311645,-0.06559451,,3.973
JSDBKAHWADVXFU-UHFFFAOYSA-N,0.08899691,-0.10470645,,6.972
KIPSRYDSZQRPEA-UHFFFAOYSA-N,0.091658,-0.07110471,,4.55
VYHBFRJRBHMIQZ-UHFFFAOYSA-N,0.032041214,-0.09621142,,8.24
HPXRVTGHNJAIIH-UHFFFAOYSA-N,0.049973145,-0.07360989,,5.562
CZPWVGJYEJSRLH-UHFFFAOYSA-N,0.054141887,-0.06231925,,5.439
KXKVLQRXCPHEJC-UHFFFAOYSA-N,0.052077662,-0.112737775,,4.738
ZMANZCXQSJIPKH-UHFFFAOYSA-N,0.017088382,-0.060003266,,7.508
IOQPZZOEVPZRBK-UHFFFAOYSA-N,0.020272367,-0.051406663,,8.105
MVUMJYQUKKUOHO-UHFFFAOYSA-N,0.059354484,-0.13247122,,7.7
JQVDAXLFBXTEQA-UHFFFAOYSA-N,0.016600024,-0.06549053,,7.931
QSNSCYSYFYORTR-UHFFFAOYSA-N,0.05500347,-0.04584252,,4.104
OLJDIRLJSRSJNR-UHFFFAOYSA-N,0.06344518,-0.0540082,,4.411
ZOMKCDYJHAQMCU-UHFFFAOYSA-N,0.06946562,-0.114113964,,10.54
KJDRSWPQXHESDQ-UHFFFAOYSA-N,0.069178514,-0.06421971,,2.018
XCWPBWWTGHQKDR-UHFFFAOYSA-N,0.024673134,-0.07281363,,3.728
HVCFCNAITDHQFX-UHFFFAOYSA-N,0.03117738,-0.098842755,,5.995
HPMLGNIUXVXALD-UHFFFAOYSA-N,0.05359762,-0.09843212,,2.418
WGBMKQSRUSKSOM-UHFFFAOYSA-N,0.06304466,-0.0880235,,5.661
LYDRKKWPKKEMNZ-UHFFFAOYSA-N,0.03830926,-0.119357504,,5.217
XIAJQOBRHVKGSP-UHFFFAOYSA-N,0.025795793,-0.044675153,,1.662
KBVQJEKAHKMCID-FNORWQNLSA-N,0.06555757,-0.13046995,,7.039
CTAPFRYPJLPFDF-UHFFFAOYSA-N,0.0727332,-0.064524636,,4.697
AQNQZLOSBFEYBX-LURJTMIESA-N,0.2062528,-0.22355466,,8.201
ZNSMNVMLTJELDZ-UHFFFAOYSA-N,0.0581775,-0.055158,,2.995
GPRYKVSEZCQIHD-UHFFFAOYSA-N,0.056791276,-0.10206146,,6.395
JCMZZYSPSGHBNM-UHFFFAOYSA-N,0.032000534,-0.09660878,,6.861
DULCUDSUACXJJC-UHFFFAOYSA-N,0.04659782,-0.11628982,,5.395
GJNGXPDXRVXSEH-UHFFFAOYSA-N,0.055776983,-0.041461952,,4.528
SNHMUERNLJLMHN-UHFFFAOYSA-N,0.027287364,-0.08963931,,1.5
XFNJVJPLKCPIBV-UHFFFAOYSA-N,0.024910763,-0.05098249,,8.883
PAPBSGBWRJIAAV-UHFFFAOYSA-N,0.058788307,-0.12022034,,6.683
NTPLXRHDUXRPNE-UHFFFAOYSA-N,0.059183713,-0.10157817,,6.017
ZSSWXNPRLJLCDU-UHFFFAOYSA-N,0.12081942,-0.21533719,,10.08
XWEFKJNJSVXMOD-UHFFFAOYSA-N,0.04517662,-0.06312355,,8.794
PKAHQJNJPDVTDP-UHFFFAOYSA-N,0.04564836,-0.11661869,,5.55
KVNRLNFWIYMESJ-UHFFFAOYSA-N,0.053115115,-0.05235552,,5.159
BOHCMQZJWOGWTA-UHFFFAOYSA-N,0.042200882,-0.055431865,,4.95
WHTDCOSHHMXZNE-UHFFFAOYSA-N,0.029717378,-0.0830825,,6.592
SMNMEJQTBGWHLI-UHFFFAOYSA-N,0.037188467,-0.07508788,,8.461
PYOKUURKVVELLB-UHFFFAOYSA-N,0.04093053,-0.12451843,,4.284
DZBUGLKDJFMEHC-UHFFFAOYSA-N,0.03378161,-0.08065639,,7.394
HATLLUIOEIXWGD-UHFFFAOYSA-N,0.075461045,-0.096996486,,7.994
LKXYJYDRLBPHRS-UHFFFAOYSA-N,0.026773239,-0.031940777,,2.018
KBPLFHHGFOOTCA-UHFFFAOYSA-N,0.053318486,-0.07285935,,5.356
MGYMHQJELJYRQS-VHSXEESVSA-N,0.034611184,-0.11640186,,5.106
FUNXVDFRBZQHKX-UHFFFAOYSA-N,0.07560981,-0.119860835,,6.324
XRYKNXGXIFPTKH-UHFFFAOYSA-N,0.01348033,-0.023261636,,3.708
BAPJBEWLBFYGME-UHFFFAOYSA-N,0.05242994,-0.11587481,,4.719
BRRVYBRXLUEEJP-UHFFFAOYSA-N,0.04830926,-0.115801215,,7.661
RLSSMJSEOOYNOY-UHFFFAOYSA-N,0.068196796,-0.054016016,,3.09
WNXJIVFYUVYPPR-UHFFFAOYSA-N,0.061428517,-0.07899675,,4.062
PTTPXKJBFFKCEK-UHFFFAOYSA-N,0.033403106,-0.0951716,,5.439
PAMJENUKCYUKLC-UHFFFAOYSA-N,0.06220147,-0.11490772,,6.9
DQWXPGSGBJVHPN-UHFFFAOYSA-N,0.02901307,-0.12000775,,7.64
GBBZLMLLFVFKJM-UHFFFAOYSA-N,0.007211188,-0.027295839,,1.6
DURPTKYDGMDSBL-UHFFFAOYSA-N,0.031816807,-0.082704365,,5.02
YLQWCDOCJODRMT-UHFFFAOYSA-N,0.038162176,-0.09219533,,5.484
KIDHWZJUCRJVML-UHFFFAOYSA-N,0.021675706,-0.050242092,,7.972
ROUYUBHVBIKMQO-UHFFFAOYSA-N,0.0057256874,-0.0162651,,2.0
IWJMFKRJGSKMBW-UHFFFAOYSA-N,0.11589506,-0.16804907,,8.7
NCCHARWOCKOHIH-UHFFFAOYSA-N,0.054204974,-0.12029206,,7.572
YXFVVABEGXRONW-UHFFFAOYSA-N,0.020763151,-0.059949283,,2.082
UAOMVDZJSHZZME-UHFFFAOYSA-N,0.015334252,-0.06977755,,7.485
INQOMBQAUSQDDS-UHFFFAOYSA-N,0.005224865,-0.009478476,,2.0
JMMWKPVZQRWMSS-UHFFFAOYSA-N,0.04940663,-0.11574433,,5.617
XXOIGDFCELVFFJ-UHFFFAOYSA-N,0.19755842,-0.22606438,,7.816
YRKCREAYFQTBPV-UHFFFAOYSA-N,0.049345285,-0.08204443,,5.061
XBPPLECAZBTMMK-UHFFFAOYSA-N,0.07764791,-0.102972575,,6.928
AGSPXMVUFBBBMO-UHFFFAOYSA-N,0.06140957,-0.05114299,,5.906
XQAACMFZWHCPPN-UHFFFAOYSA-N,0.047995742,-0.1254153,,7.159
GYCPLYCTMDTEPU-UHFFFAOYSA-N,0.065966636,-0.051870033,,4.373
BAYUSCHCCGXLAY-UHFFFAOYSA-N,0.05667163,-0.096831456,,5.639
XZMCDFZZKTWFGF-UHFFFAOYSA-N,0.085426986,-0.05146704,,5.55
FJDUDHYHRVPMJZ-UHFFFAOYSA-N,0.020893872,-0.050423767,,7.93
YFTHZRPMJXBUME-UHFFFAOYSA-N,0.01625343,-0.08439629,,6.628
YMBSJQHEFLROIX-UHFFFAOYSA-N,0.0767825,-0.09222725,,6.899
ZZWJQCJQAXZVOM-UHFFFAOYSA-N,0.06161256,-0.094675295,,6.168
AWJUIBRHMBBTKR-UHFFFAOYSA-N,0.042418182,-0.06786479,,7.372
BHAAPTBBJKJZER-UHFFFAOYSA-N,0.0455421,-0.069089726,,5.297
XDELKSRGBLWMBA-UHFFFAOYSA-N,0.046036102,-0.09009035,,6.1
QVSVMNXRLWSNGS-UHFFFAOYSA-N,0.042106308,-0.0696792,,6.572
AAADKYXUTOBAGS-OIBJUYFYSA-N,0.014793217,-0.050317377,,3.817
PNPCRKVUWYDDST-UHFFFAOYSA-N,0.053495526,-0.04432983,,3.582
YBRBMKDOPFTVDT-UHFFFAOYSA-N,0.014847685,-0.05381833,,8.083
QTPJMTACJMLPLL-UHFFFAOYSA-N,0.050298307,-0.09929635,,4.65
OLJVAWRLTPGYQL-DTJXOCLSSA-N,0.014408166,-0.11270815,,4.462
FHUODBDRWMIBQP-UHFFFAOYSA-N,0.0614922,-0.12169037,,5.572
ZWAJLVLEBYIOTI-OLQVQODUSA-N,0.037261304,-0.095211156,,5.572
SMZHKGXSEAGRTI-UHFFFAOYSA-N,0.06339516,-0.054815732,,3.062
FMVJYQGSRWVMQV-UHFFFAOYSA-N,0.09830117,-0.10876027,,4.462
VJNGGOMRUHYAMC-UHFFFAOYSA-N,0.05522626,-0.057328578,,5.906
VQHPRVYDKRESCL-CHIWXEEVSA-N,0.016171657,-0.046107493,,2.684
KPWDGTGXUYRARH-UHFFFAOYSA-N,0.09006625,-0.03761626,,2.781
KYEACNNYFNZCST-UHFFFAOYSA-N,0.069200166,-0.09152818,,6.083
ZMXDDKWLCZADIW-UHFFFAOYSA-N,0.06661703,-0.11451459,,7.728
RENMDAKOXSCIGH-UHFFFAOYSA-N,0.10039095,-0.04647605,,3.928
SQCZQTSHSZLZIQ-UHFFFAOYSA-N,0.055144645,-0.06819185,,2.218
BNWQEHYYXTVKOF-UHFFFAOYSA-N,0.07383721,-0.11258367,,7.004
HCJXEOFLVIFFDG-UHFFFAOYSA-N,0.0520273,-0.12300409,,8.283
DSWNRHCOGVRDOE-ONEGZZNKSA-N,0.04253804,-0.08631359,,10.03
KWOLFJPFCHCOCG-UHFFFAOYSA-N,0.04176915,-0.098367155,,5.528
PFYPDUUXDADWKC-UHFFFAOYSA-N,0.036685534,-0.07547305,,6.972
HBNYJWAFDZLWRS-UHFFFAOYSA-N,0.06797563,-0.08660348,,2.924
RJSZFWIUDNOVNP-UHFFFAOYSA-N,0.044864736,-0.072395965,,5.928
GOOHAUXETOMSMM-VKHMYHEASA-N,0.043775603,-0.09603389,,5.217
ZCQWOFVYLHDMMC-UHFFFAOYSA-N,0.08058544,-0.07515582,,5.768
FKRCODPIKNYEAC-UHFFFAOYSA-N,0.043690175,-0.113637865,,5.461
KMAQZIILEGKYQZ-UHFFFAOYSA-N,0.083863206,-0.11085929,,3.351
CLWIJUQLAFJNOF-UHFFFAOYSA-N,0.037825704,-0.10598242,,6.728
ZRSNZINYAWTAHE-UHFFFAOYSA-N,0.061006024,-0.09709142,,5.506
KZTYYGOKRVBIMI-UHFFFAOYSA-N,0.061930433,-0.19498698,,5.75
WFCLYEAZTHWNEH-UHFFFAOYSA-N,0.07269746,-0.07488225,,4.388
ZYPLZLQKRFFKCL-UHFFFAOYSA-N,0.06250568,-0.09288608,,6.506
WPGHPGAUFIJVJF-UHFFFAOYSA-N,0.059687067,-0.033747118,,4.95
JLGPMOJYECOCEP-UHFFFAOYSA-N,0.08927868,-0.16140276,,4.573
SJRJJKPEHAURKC-UHFFFAOYSA-N,0.045400742,-0.08315634,,6.868
QSJXEFYPDANLFS-UHFFFAOYSA-N,0.03881042,-0.07158347,,4.239
IWJMFKRJGSKMBW-SHRKTGAESA-N,0.088979684,-0.17370434,,8.716
NAQMVNRVTILPCV-UHFFFAOYSA-N,0.021062167,-0.050703395,,7.972
MTPBUCCXRGSDCR-UHFFFAOYSA-N,0.03996526,-0.07102632,,9.016
PSXLJUKMMIHADB-UHFFFAOYSA-N,0.0906776,-0.112696044,,7.179
OSOIQJGOYGSIMF-UHFFFAOYSA-N,0.033724733,-0.09560394,,5.772
RIFKADJTWUGDOV-UHFFFAOYSA-N,0.034422882,-0.09414997,,5.817
RFVHVYKVRGKLNK-UHFFFAOYSA-N,0.05354692,-0.09560034,,6.372
ULTHEAFYOOPTTB-UHFFFAOYSA-N,0.049097486,-0.04185461,,2.018
GPHQHTOMRSGBNZ-UHFFFAOYSA-N,0.060593847,-0.042863153,,5.395
MYOHNZJKOAODMX-UHFFFAOYSA-N,0.051234055,-0.13306189,,6.839
HCFAJYNVAYBARA-UHFFFAOYSA-N,0.033409346,-0.09405842,,5.595
HJOVHMDZYOCNQW-UHFFFAOYSA-N,0.029608717,-0.09873915,,6.93
RFFFKMOABOFIDF-UHFFFAOYSA-N,0.05194598,-0.05216847,,5.15
GJRQTCIYDGXPES-UHFFFAOYSA-N,0.05082728,-0.11421332,,5.595
LMTGCJANOQOGPI-UHFFFAOYSA-N,0.0357259,-0.11965233,,7.928
NUOGEPIJFRZXIN-UHFFFAOYSA-N,0.049980287,-0.112002015,,7.816
MZBUJUWHEHJJKJ-UHFFFAOYSA-N,0.04960572,-0.11136711,,5.572
LRDFRRGEGBBSRN-UHFFFAOYSA-N,0.04821542,-0.054007888,,5.284
DPBLXKKOBLCELK-UHFFFAOYSA-N,0.020174459,-0.051507924,,7.83
NRGGMCIBEHEAIL-UHFFFAOYSA-N,0.03700251,-0.0754669,,7.372
XNLICIUVMPYHGG-UHFFFAOYSA-N,0.04145936,-0.094237275,,5.661
NOLVABYTFMDREN-ZETCQYMHSA-N,0.039800722,-0.066370144,,7.439
SYEXGNJRYPOUSI-DNSLJTBWSA-N,0.041386772,-0.117181644,,5.417
DGVORXWMCNREFA-UHFFFAOYSA-N,0.061947823,-0.09149173,,7.004
BAVYZALUXZFZLV-UHFFFAOYSA-N,0.02140452,-0.051521584,,7.839
MQBNSGDDWSWJLR-UHFFFAOYSA-N,0.06383132,-0.08763222,,5.795
PSHKMPUSSFXUIA-UHFFFAOYSA-N,0.034405593,-0.08958299,,6.639
OKKJLVBELUTLKV-UHFFFAOYSA-N,0.055838093,-0.07130407,,4.841
XYWDPYKBIRQXQS-UHFFFAOYSA-N,0.011196533,-0.02801571,,3.811
GGYVTHJIUNGKFZ-UHFFFAOYSA-N,0.0446298,-0.11859405,,8.838
NVPICXQHSYQKGM-UHFFFAOYSA-N,0.04571704,-0.07146624,,6.572
VVIAWLIDZAXESO-UHFFFAOYSA-N,0.04923084,-0.12656806,,4.684
BGJSXRVXTHVRSN-UHFFFAOYSA-N,0.06043595,-0.095963895,,3.106
YNQLUTRBYVCPMQ-UHFFFAOYSA-N,0.020993195,-0.059202053,,2.163
JLZWKZDHHREXTA-UHFFFAOYSA-N,0.075222254,-0.1044747,,6.959
HNJBEVLQSNELDL-UHFFFAOYSA-N,0.052607585,-0.118234195,,8.854
SKBBQSLSGRSQAJ-UHFFFAOYSA-N,0.05152525,-0.08784629,,5.772
MFEIKQPHQINPRI-UHFFFAOYSA-N,0.038767282,-0.068163,,7.528
DCKVNWZUADLDEH-YFKPBYRVSA-N,0.048810437,-0.11586194,,5.639
HXQHRUJXQJEGER-UHFFFAOYSA-N,0.075177856,-0.104743026,,6.644
LCGLNKUTAGEVQW-UHFFFAOYSA-N,0.035377987,-0.08279853,,5.077
SNICXCGAKADSCV-JTQLQIEISA-N,0.03718194,-0.07536323,,7.699
XACSJLKCXDEIPX-UHFFFAOYSA-N,0.07619532,-0.10373854,,7.283
VYHVQEYOFIYNJP-UHFFFAOYSA-N,0.076873146,-0.07241456,,4.684
YNPNZTXNASCQKK-UHFFFAOYSA-N,0.025156777,-0.058037058,,2.86
ITQTTZVARXURQS-UHFFFAOYSA-N,0.03897823,-0.068231076,,7.505
JNELGWHKGNBSMD-UHFFFAOYSA-N,0.04216843,-0.10135693,,6.083
JIKUXBYRTXDNIY-UHFFFAOYSA-N,0.06917792,-0.10308683,,6.9
PMDCZENCAXMSOU-UHFFFAOYSA-N,0.06505894,-0.1205498,,8.15
AQEFLFZSWDEAIP-UHFFFAOYSA-N,0.013300686,-0.09558237,,4.728
QQZOPKMRPOGIEB-UHFFFAOYSA-N,0.04084159,-0.09387522,,5.684
GRTGGSXWHGKRSB-UHFFFAOYSA-N,0.09178832,-0.061186776,,2.862
BYEAHWXPCBROCE-UHFFFAOYSA-N,0.13887642,-0.04333459,,0.927
AVFZOVWCLRSYKC-UHFFFAOYSA-N,0.020526152,-0.087444775,,7.928
FZWLAAWBMGSTSO-UHFFFAOYSA-N,0.072041996,-0.09050794,,7.283
JIBRFXMUEQDPGO-UHFFFAOYSA-N,0.031055767,-0.07968664,,8.2
SWFHGTMLYIBPPA-UHFFFAOYSA-N,0.052090563,-0.09555333,,5.884
DENRZWYUOJLTMF-UHFFFAOYSA-N,0.09528367,-0.15255776,,4.839
ATHHXGZTWNVVOU-UHFFFAOYSA-N,0.0746085,-0.11423909,,7.417
NODGRWCMFMEGJH-UHFFFAOYSA-N,0.041436598,-0.09858714,,5.839
AJFDBNQQDYLMJN-UHFFFAOYSA-N,0.04682708,-0.12220413,,8.55
SVYKKECYCPFKGB-UHFFFAOYSA-N,0.019312361,-0.0825118,,7.825
HCIBTBXNLVOFER-UHFFFAOYSA-N,0.035816927,-0.09539232,,8.172
LRHPLDYGYMQRHN-UHFFFAOYSA-N,0.052671883,-0.0725573,,5.4
LKNQXZAHNDFIQY-UHFFFAOYSA-N,0.050183855,-0.07305722,,5.995
CZGCEKJOLUNIFY-UHFFFAOYSA-N,0.08209054,-0.11039536,,3.551
RGUKYNXWOWSRET-UHFFFAOYSA-N,0.043208122,-0.083193354,,9.572
LNMBCRKRCIMQLW-UHFFFAOYSA-N,0.012362816,-0.052884765,,3.562
YXIWHUQXZSMYRE-UHFFFAOYSA-N,0.06288445,-0.08621073,,5.617
CSYLYUAMXUGIFE-UHFFFAOYSA-N,0.05696479,-0.090237424,,5.706
WEVYAHXRMPXWCK-UHFFFAOYSA-N,0.060552087,-0.049658637,,5.084
QUSNBJAOOMFDIB-UHFFFAOYSA-N,0.019525101,-0.051071204,,7.883
AHHWIHXENZJRFG-UHFFFAOYSA-N,0.033221282,-0.093480766,,6.083
NCBZRJODKRCREW-UHFFFAOYSA-N,0.047494404,-0.06859132,,4.708
PWRBCZZQRRPXAB-UHFFFAOYSA-N,0.057404183,-0.049121205,,5.972
VMOIPIVQHVFUFO-UHFFFAOYSA-N,0.06633733,-0.07836581,,4.795
FAXDZWQIWUSWJH-UHFFFAOYSA-N,0.035700474,-0.082624786,,8.061
LBKDGROORAKTLC-UHFFFAOYSA-N,0.06733053,-0.067445666,,2.195
YRHRIQCWCFGUEQ-UHFFFAOYSA-N,0.061258722,-0.105393164,,5.684
OFCCYDUUBNUJIB-UHFFFAOYSA-N,0.059965186,-0.09223105,,5.461
WYOXDERVKORKJN-UHFFFAOYSA-N,0.07554822,-0.103704825,,7.3
OAGOUCJGXNLJNL-UHFFFAOYSA-N,0.0553745,-0.06690741,,6.528
DKPFZGUDAPQIHT-UHFFFAOYSA-N,0.050597817,-0.11465037,,5.572
YLQBMQCUIZJEEH-UHFFFAOYSA-N,0.051871464,-0.06624172,,2.173
IMFACGCPASFAPR-UHFFFAOYSA-N,0.015972909,-0.08237403,,6.766
IIRFCWANHMSDCG-UHFFFAOYSA-N,0.033934176,-0.09520917,,6.283
AATNZNJRDOVKDD-UHFFFAOYSA-N,0.06976798,-0.19706073,,9.172
UEALYGMEMQDEMQ-UHFFFAOYSA-N,0.05268752,-0.10266082,,7.039
UFWIBTONFRDIAS-UHFFFAOYSA-N,0.022687493,-0.057970636,,2.798
WBJINCZRORDGAQ-UHFFFAOYSA-N,0.08626949,-0.10805423,,4.528
SMBILOIZRKUZPE-UHFFFAOYSA-N,0.04712306,-0.13361402,,8.125
MZBIWKMCTWJLPT-UHFFFAOYSA-N,0.089683734,-0.18068187,,8.452
WGYKZJWCGVVSQN-UHFFFAOYSA-N,0.020237982,-0.051736336,,7.928
DHIVLKMGKIZOHF-UHFFFAOYSA-N,0.051749915,-0.082554,,3.106
XNBKKRFABABBPM-UHFFFAOYSA-N,0.038782068,-0.09674306,,4.728
YZWKKMVJZFACSU-UHFFFAOYSA-N,0.036323607,-0.044465985,,2.284
AEKVBBNGWBBYLL-UHFFFAOYSA-N,0.054698914,-0.05096448,,4.662
BWLUMTFWVZZZND-UHFFFAOYSA-N,0.02364349,-0.06506795,,6.268
YQYGPGKTNQNXMH-UHFFFAOYSA-N,0.08141421,-0.11165093,,4.595
CUYKNJBYIJFRCU-UHFFFAOYSA-N,0.04665852,-0.07171843,,7.95
SEEYREPSKCQBBF-UHFFFAOYSA-N,0.077882215,-0.08377375,,5.768
UBUCNCOMADRQHX-UHFFFAOYSA-N,0.036356837,-0.10494689,,4.306
JWVNPUBYKCSIKR-UHFFFAOYSA-N,0.050098572,-0.07674968,,7.239
ONIHPYYWNBVMID-UHFFFAOYSA-N,0.052209146,-0.10683125,,4.75
WMOVHXAZOJBABW-UHFFFAOYSA-N,0.047166854,-0.11601495,,5.506
PIICEJLVQHRZGT-UHFFFAOYSA-N,0.024315055,-0.048558954,,8.727
FUCOMWZKWIEKRK-UHFFFAOYSA-N,0.005297384,-0.031399976,,2.4
BATDBURDIROQFJ-SOFGYWHQSA-N,0.05284063,-0.12584199,,7.639
PFCHFHIRKBAQGU-UHFFFAOYSA-N,0.03410731,-0.09266388,,5.572
LFQSCWFLJHTTHZ-UHFFFAOYSA-N,0.052897394,-0.07200326,,5.15
GETQZCLCWQTVFV-UHFFFAOYSA-N,0.021815479,-0.080180354,,7.794
ZUOUZKKEUPVFJK-UHFFFAOYSA-N,0.0221483,-0.053048797,,2.678
MNZAKDODWSQONA-UHFFFAOYSA-N,0.09924863,-0.21719734,,10.2
HMIBQFXWSUBFTG-UHFFFAOYSA-N,0.033428438,-0.09700388,,7.105
ZDPAWHACYDRYIW-UHFFFAOYSA-N,0.058533147,-0.08823145,,5.284
FTAHXMZRJCZXDL-UHFFFAOYSA-N,0.021889012,-0.07225244,,7.861
CYNYIHKIEHGYOZ-UHFFFAOYSA-N,0.037939932,-0.044350013,,2.218
PAMIQIKDUOTOBW-UHFFFAOYSA-N,0.020902952,-0.08222998,,7.75
RGXUCUWVGKLACF-UHFFFAOYSA-N,0.02647562,-0.0644547,,7.439
KFDVPJUYSDEJTH-UHFFFAOYSA-N,0.03740998,-0.06749394,,7.394
NBRKLOOSMBRFMH-UHFFFAOYSA-N,0.036343843,-0.07461681,,2.44
LYCAIKOWRPUZTN-UHFFFAOYSA-N,0.05988182,-0.06340282,,5.253
ZPTVNYMJQHSSEA-UHFFFAOYSA-N,0.063774854,-0.12254374,,3.84
IMNIMPAHZVJRPE-UHFFFAOYSA-N,0.023747874,-0.0820966,,8.923
NBBZMDUHKWRYSZ-UHFFFAOYSA-N,0.056673676,-0.091988005,,4.528
WBDSPWDNJYQQDT-UHFFFAOYSA-N,0.034790613,-0.12275938,,7.572
IMNDHOCGZLYMRO-UHFFFAOYSA-N,0.042659033,-0.121724546,,8.016
RZXMPPFPUUCRFN-UHFFFAOYSA-N,0.04043881,-0.06358583,,4.944
GBCKRQRXNXQQPW-UHFFFAOYSA-N,0.021348491,-0.08386475,,7.328
SCYULBFZEHDVBN-UHFFFAOYSA-N,0.08359263,-0.049926415,,1.462
YMWUJEATGCHHMB-UHFFFAOYSA-N,0.09856058,-0.042644024,,1.957
IRNRNPNZAKHEAW-UHFFFAOYSA-N,0.053073414,-0.1080297,,4.528
JIRGTCBOQAJBHY-UHFFFAOYSA-N,0.032398872,-0.1250858,,6.95
GPTVQTPMFOLLOA-UHFFFAOYSA-N,0.04623671,-0.06306498,,4.039
ASUDFOJKTJLAIK-UHFFFAOYSA-N,0.037245564,-0.08740205,,8.127
QRPMWVNREKTPOV-UHFFFAOYSA-N,0.027733896,-0.084617406,,4.769
LDDOSDVZPSGLFZ-UHFFFAOYSA-N,0.033973344,-0.11836855,,5.55
SNZSAFILJOCMFM-UHFFFAOYSA-N,0.11463144,-0.22046782,,10.81
OOLOYCGJRJFTPM-UHFFFAOYSA-N,0.07561232,-0.074935466,,2.462
