DQWXPGSGBJVHPN-UHFFFAOYSA-N,0.0724667,-0.19215834,,7.64
PVMNPAUTCMBOMO-UHFFFAOYSA-N,0.08613136,-0.09472291,,6.483
VPYJNCGUESNPMV-UHFFFAOYSA-N,0.045295484,-0.107861415,,6.143
ZAFNJMIOTHYJRJ-UHFFFAOYSA-N,0.041342378,-0.18719794,,5.53
PPBRXRYQALVLMV-UHFFFAOYSA-N,0.054540697,-0.12872258,,2.462
BNWQEHYYXTVKOF-UHFFFAOYSA-N,0.09950192,-0.14694215,,7.004
GBBZLMLLFVFKJM-UHFFFAOYSA-N,0.07807922,-0.030794274,,1.6
HEDRZPFGACZZDS-UHFFFAOYSA-N,0.12355175,-0.029142443,,0.824
AAAXMNYUNVCMCJ-UHFFFAOYSA-N,0.0794911,-0.03381369,,1.9
CDNHLXOFELOEOL-UHFFFAOYSA-N,0.11952822,-0.17030004,,6.461
NTPLXRHDUXRPNE-UHFFFAOYSA-N,0.08886001,-0.16135702,,6.017
LSBIUXKNVUBKRI-UHFFFAOYSA-N,0.071429044,-0.11622264,,6.328
YVXHZKKCZYLQOP-UHFFFAOYSA-N,0.052105512,-0.079419754,,2.678
XXROGKLTLUQVRX-UHFFFAOYSA-N,0.08634755,-0.14804411,,4.841
BNLLHLUAOXAUNQ-UHFFFAOYSA-N,0.13399976,-0.17838249,,5.595
LRHPLDYGYMQRHN-UHFFFAOYSA-N,0.076314695,-0.14817712,,5.4
MTZQAGJQAFMTAQ-UHFFFAOYSA-N,0.06973377,-0.15693735,,5.15
DKGAVHZHDRPRBM-UHFFFAOYSA-N,0.071240425,-0.16188723,,5.665
UFWIBTONFRDIAS-UHFFFAOYSA-N,0.053820014,-0.121763535,,2.798
KIPSRYDSZQRPEA-UHFFFAOYSA-N,0.106499314,-0.06701453,,4.55
AGSPXMVUFBBBMO-UHFFFAOYSA-N,0.091789216,-0.091336116,,5.906
GZPHSAQLYPIAIN-UHFFFAOYSA-N,0.10149842,-0.07491778,,5.284
XCWPBWWTGHQKDR-UHFFFAOYSA-N,0.08815499,-0.07642087,,3.728
VYHVQEYOFIYNJP-UHFFFAOYSA-N,0.08463159,-0.07833046,,4.684
HUDYANRNMZDQGA-UHFFFAOYSA-N,0.08797469,-0.18237679,,6.972
IIRFCWANHMSDCG-UHFFFAOYSA-N,0.06524432,-0.1712798,,6.283
CZGCEKJOLUNIFY-UHFFFAOYSA-N,0.10368006,-0.12032536,,3.551
PYLWMHQQBFSUBP-UHFFFAOYSA-N,0.06718967,-0.09565055,,1.648
XXBDWLFCJWSEKW-UHFFFAOYSA-N,0.04328373,-0.1343725,,6.594
HLDBHWJNZHGZMV-UHFFFAOYSA-N,0.17007115,-0.23158059,,7.6
NBRKLOOSMBRFMH-UHFFFAOYSA-N,0.05853705,-0.103606895,,2.44
WVLBCYQITXONBZ-UHFFFAOYSA-N,0.082190126,-0.21297204,,8.463
FJBFPHVGVWTDIP-UHFFFAOYSA-N,0.10330867,-0.047061242,,1.507
YXIWHUQXZSMYRE-UHFFFAOYSA-N,0.13324375,-0.12533137,,5.617
PLUBXMRUUVWRLT-UHFFFAOYSA-N,0.18292728,-0.1907579,,5.328
SKECXRFZFFAANN-UHFFFAOYSA-N,0.10820426,-0.17457809,,5.395
QGZKDVFQNNGYKY-UHFFFAOYSA-N,0.052919544,-0.10438209,,6.794
GNOIPBMMFNIUFM-UHFFFAOYSA-N,0.06285623,-0.25453642,,10.91
ZPTVNYMJQHSSEA-UHFFFAOYSA-N,0.08836594,-0.13759784,,3.84
VAYTZRYEBVHVLE-UHFFFAOYSA-N,0.13594896,-0.11569342,,4.595
CUYKNJBYIJFRCU-UHFFFAOYSA-N,0.09440206,-0.13189995,,7.95
AZQWKYJCGOJGHM-UHFFFAOYSA-N,0.087293826,-0.11074203,,4.862
GOBGVVAHHOUMDK-UHFFFAOYSA-N,0.040452402,-0.10091007,,3.262
RWRDLPDLKQPQOW-UHFFFAOYSA-N,0.034709685,-0.120171666,,8.816
NUOGEPIJFRZXIN-UHFFFAOYSA-N,0.07939035,-0.18172838,,7.816
RKSOPLXZQNSWAS-UHFFFAOYSA-N,0.061558053,-0.10016941,,2.34
OAGOUCJGXNLJNL-UHFFFAOYSA-N,0.07993059,-0.10665524,,6.528
RLSSMJSEOOYNOY-UHFFFAOYSA-N,0.11233446,-0.10752051,,3.09
JLZWKZDHHREXTA-UHFFFAOYSA-N,0.09505664,-0.16394186,,6.959
GETQZCLCWQTVFV-UHFFFAOYSA-N,0.03305608,-0.12487299,,7.794
XBNGYFFABRKICK-UHFFFAOYSA-N,0.14593409,-0.06359325,,0.824
KBPLFHHGFOOTCA-UHFFFAOYSA-N,0.07973257,-0.15696383,,5.356
DGVORXWMCNREFA-UHFFFAOYSA-N,0.08574846,-0.14394207,,7.004
HCEKGPAHZCYRBZ-UHFFFAOYSA-N,0.08979749,-0.1394507,,4.906
NODGRWCMFMEGJH-UHFFFAOYSA-N,0.07866767,-0.1603038,,5.839
WEVYAHXRMPXWCK-UHFFFAOYSA-N,0.09076354,-0.09405871,,5.084
LFSXCDWNBUNEEM-UHFFFAOYSA-N,0.085023195,-0.12354992,,7.439
UIHCLUNTQKBZGK-UHFFFAOYSA-N,0.069119394,-0.16220202,,5.8
MJUJXFBTEFXVKU-UHFFFAOYSA-N,0.13501522,-0.21889973,,8.265
PMRYVIKBURPHAH-UHFFFAOYSA-N,0.12717755,-0.18460414,,8.15
AAADKYXUTOBAGS-OIBJUYFYSA-N,0.05377787,-0.11443231,,3.817
DQYDFMBXYUTXOK-UHFFFAOYSA-N,0.06111551,-0.19784124,,7.66
VFWCMGCRMGJXDK-UHFFFAOYSA-N,0.061104007,-0.07430427,,2.151
ASUDFOJKTJLAIK-UHFFFAOYSA-N,0.05895456,-0.15091115,,8.127
FDPIMTJIUBPUKL-UHFFFAOYSA-N,0.06277874,-0.16275814,,5.595
MTPBUCCXRGSDCR-UHFFFAOYSA-N,0.068568684,-0.15246856,,9.016
CSJAXRKDCCWCSJ-UHFFFAOYSA-N,0.114277646,-0.1859506,,9.847
SJRJJKPEHAURKC-UHFFFAOYSA-N,0.052786164,-0.16079411,,6.868
BZLVMXJERCGZMT-UHFFFAOYSA-N,0.045117788,-0.16819786,,5.706
GEOWCLRLLWTHDN-UHFFFAOYSA-N,0.12974797,-0.11834071,,4.506
ZTQSAGDEMFDKMZ-UHFFFAOYSA-N,0.08967388,-0.15325172,,4.738
OSWPMRLSEDHDFF-UHFFFAOYSA-N,0.08169658,-0.14198792,,3.773
WXEHBUMAEPOYKP-UHFFFAOYSA-N,0.04189021,-0.07277335,,3.106
FLFWJIBUZQARMD-UHFFFAOYSA-N,0.14201018,-0.1307414,,5.817
ABXGMGUHGLQMAW-UHFFFAOYSA-N,0.101380885,-0.13185802,,4.662
OIFBSDVPJOWBCH-UHFFFAOYSA-N,0.064083345,-0.156911,,5.017
ZWEHNKRNPOVVGH-UHFFFAOYSA-N,0.07034882,-0.16080712,,5.772
JBTWLSYIZRCDFO-UHFFFAOYSA-N,0.08266149,-0.15281157,,4.928
FYHIXFCITOCVKH-UHFFFAOYSA-N,0.0928283,-0.18363397,,5.995
BRRVYBRXLUEEJP-UHFFFAOYSA-N,0.07681921,-0.1786363,,7.661
VVBLNCFGVYUYGU-UHFFFAOYSA-N,0.069588386,-0.18099128,,7.35
FAXDZWQIWUSWJH-UHFFFAOYSA-N,0.053952646,-0.1602513,,8.061
HZXRDAIBHPCJLE-UHFFFAOYSA-N,0.09648075,-0.14100422,,5.89
JUJWROOIHBZHMG-UHFFFAOYSA-N,0.068246156,-0.124802284,,7.194
BHHGXPLMPWCGHP-UHFFFAOYSA-N,0.050061807,-0.12932582,,7.861
MHDVGSVTJDSBDK-UHFFFAOYSA-N,0.07214934,-0.14231864,,4.506
UMURLIQHQSKULR-UHFFFAOYSA-N,0.12946157,-0.15688428,,6.128
BBLDTXFLAHKYFJ-UHFFFAOYSA-N,0.039943613,-0.18528882,,6.239
LOWMYOWHQMKBTM-UHFFFAOYSA-N,0.1588034,-0.24373642,,8.705
KSMVZQYAVGTKIV-UHFFFAOYSA-N,0.08935173,-0.15291625,,4.738
ILVXOBCQQYKLDS-UHFFFAOYSA-N,0.09124171,-0.17749749,,8.952
FHUDAMLDXFJHJE-UHFFFAOYSA-N,0.10606836,-0.09076681,,2.929
VJPAMLCBTIWAHI-UHFFFAOYSA-N,0.09193236,-0.16714312,,7.239
JEJBXIHZMUVILV-QMMMGPOBSA-N,0.03879781,-0.0955593,,3.605
WDAXFOBOLVPGLV-UHFFFAOYSA-N,0.06419104,-0.16307795,,5.484
YNAVUWVOSKDBBP-UHFFFAOYSA-N,0.05625397,-0.1568446,,7.194
VNXYDFNVQBICRO-UHFFFAOYSA-N,0.14159498,-0.09957018,,2.151
YEEMHJNIVXNCSN-UHFFFAOYSA-N,0.09958744,-0.13648653,,8.04
HATLLUIOEIXWGD-UHFFFAOYSA-N,0.0998649,-0.12912402,,7.994
KPWDGTGXUYRARH-UHFFFAOYSA-N,0.119308546,-0.10458636,,2.781
RUOJZAUFBMNUDX-VKHMYHEASA-N,0.12929165,-0.1406272,,5.772
HHAISVSEJFEWBZ-UHFFFAOYSA-N,0.11184281,-0.12924191,,4.795
ZZTSQZQUWBFTAT-UHFFFAOYSA-N,0.07240069,-0.115397714,,6.683
SHOJXDKTYKFBRD-UHFFFAOYSA-N,0.06449829,-0.17164995,,5.761
SJMLNDPIJZBEKY-UHFFFAOYSA-N,0.08387117,-0.117018536,,3.395
DHXVGJBLRPWPCS-UHFFFAOYSA-N,0.046177857,-0.16127369,,5.795
ZRSNZINYAWTAHE-UHFFFAOYSA-N,0.09681493,-0.15417439,,5.506
LMTGCJANOQOGPI-UHFFFAOYSA-N,0.06923064,-0.18204369,,7.928
FMVJYQGSRWVMQV-UHFFFAOYSA-N,0.110029206,-0.1448215,,4.462
ZZWJQCJQAXZVOM-UHFFFAOYSA-N,0.076946996,-0.16120847,,6.168
XULIXFLCVXWHRF-UHFFFAOYSA-N,0.031050397,-0.1542057,,5.839
JECUZQLBQKNEMW-UHFFFAOYSA-N,0.08642484,-0.15472202,,5.75
FGWQRDGADJMULT-UHFFFAOYSA-N,0.06825094,-0.15295896,,9.016
WURBFLDFSFBTLW-UHFFFAOYSA-N,0.07408045,-0.12908305,,4.706
IWJMFKRJGSKMBW-UHFFFAOYSA-N,0.11244893,-0.18460293,,8.7
HPMLGNIUXVXALD-UHFFFAOYSA-N,0.08865841,-0.12900461,,2.418
NQRYJNQNLNOLGT-UHFFFAOYSA-N,0.033428244,-0.15579832,,8.35
XNLICIUVMPYHGG-UHFFFAOYSA-N,0.07155957,-0.15789807,,5.661
OKDGRDCXVWSXDC-UHFFFAOYSA-N,0.08773825,-0.10156272,,5.395
QSJXEFYPDANLFS-UHFFFAOYSA-N,0.070014596,-0.117017634,,4.239
AJFDBNQQDYLMJN-UHFFFAOYSA-N,0.07186486,-0.19408007,,8.55
DCKVNWZUADLDEH-YFKPBYRVSA-N,0.06791557,-0.16129927,,5.639
AUHZEENZYGFFBQ-UHFFFAOYSA-N,0.040956512,-0.12943348,,2.686
FERIUCNNQQJTOY-UHFFFAOYSA-N,0.0981334,-0.14688094,,4.944
XQABVLBGNWBWIV-UHFFFAOYSA-N,0.08559069,-0.11847715,,7.794
MSPDNPMYZVJMAM-OVMOHIIOSA-N,0.07566653,-0.16168517,,5.95
RXYPXQSKLGGKOL-UHFFFAOYSA-N,0.03611727,-0.14818332,,7.239
SYMPSOJKDIMXKZ-UHFFFAOYSA-N,0.07647237,-0.15901282,,6.195
QVSVMNXRLWSNGS-UHFFFAOYSA-N,0.07498689,-0.09414846,,6.572
DWPLEOPKBWNPQV-UHFFFAOYSA-N,0.093702145,-0.14286116,,6.039
BAVYZALUXZFZLV-UHFFFAOYSA-N,0.043723613,-0.121589944,,7.839
NURQLCJSMXZBPC-UHFFFAOYSA-N,0.0598918,-0.13000642,,8.039
ALCDAWARCQFJBA-UHFFFAOYSA-N,0.03600434,-0.07300714,,3.4
MHZGKXUYDGKKIU-UHFFFAOYSA-N,0.041892104,-0.12627356,,7.828
MBTGBRYMJKYYOE-UHFFFAOYSA-N,0.102195054,-0.10651931,,3.373
SYEXGNJRYPOUSI-DNSLJTBWSA-N,0.060442768,-0.1691076,,5.417
SNICXCGAKADSCV-JTQLQIEISA-N,0.061971538,-0.13799797,,7.699
BRLQWZUYTZBJKN-VKHMYHEASA-N,0.096983045,-0.14247574,,4.039
XQQZRZQVBFHBHL-UHFFFAOYSA-N,0.07530002,-0.14148335,,5.572
YKOQQFDCCBKROY-UHFFFAOYSA-N,0.0748242,-0.19440185,,7.712
YBRBMKDOPFTVDT-UHFFFAOYSA-N,0.036007516,-0.12725419,,8.083
VLVCDUSVTXIWGW-UHFFFAOYSA-N,0.10111749,-0.11023758,,3.835
UQFQONCQIQEYPJ-UHFFFAOYSA-N,0.09200859,-0.14777184,,7.148
IVSZLXZYQVIEFR-UHFFFAOYSA-N,0.043572724,-0.13289158,,2.424
OBNCKNCVKJNDBV-UHFFFAOYSA-N,0.055966713,-0.15931074,,5.528
ULYZAYCEDJDHCC-UHFFFAOYSA-N,0.06307589,-0.08941527,,2.395
WBDSPWDNJYQQDT-UHFFFAOYSA-N,0.072567046,-0.19748244,,7.572
JJYPMNFTHPTTDI-UHFFFAOYSA-N,0.07973082,-0.13447951,,4.688
KWRGMBARTDLYSH-UHFFFAOYSA-N,0.096345924,-0.20711103,,7.505
KIDHWZJUCRJVML-UHFFFAOYSA-N,0.04500194,-0.12072396,,7.972
AUQDITHEDVOTCU-UHFFFAOYSA-N,0.07887153,-0.09149846,,5.35
JWUJQDFVADABEY-RXMQYKEDSA-N,0.048169516,-0.16486186,,6.039
WDFQBORIUYODSI-UHFFFAOYSA-N,0.101226166,-0.10195371,,4.077
MFEIKQPHQINPRI-UHFFFAOYSA-N,0.060742646,-0.13107364,,7.528
JHIVVAPYMSGYDF-UHFFFAOYSA-N,0.052648365,-0.16566727,,6.15
HQABUPZFAYXKJW-UHFFFAOYSA-N,0.04156986,-0.12776443,,7.972
NZZFYRREKKOMAT-UHFFFAOYSA-N,0.08727492,-0.04104802,,1.6
PAPBSGBWRJIAAV-UHFFFAOYSA-N,0.08321874,-0.17926572,,6.683
JXQGICFGPUAVLJ-UHFFFAOYSA-N,0.0709659,-0.12426413,,7.241
XFRSYDKTYAUVAW-UHFFFAOYSA-N,0.06058933,-0.1373684,,8.194
AQNQZLOSBFEYBX-UHFFFAOYSA-N,0.17604962,-0.23896605,,8.2
HNJBEVLQSNELDL-UHFFFAOYSA-N,0.08151223,-0.18371066,,8.854
DKLYDESVXZKCFI-UHFFFAOYSA-N,0.0731622,-0.168373,,7.372
WGJCBBASTRWVJL-UHFFFAOYSA-N,0.12860025,-0.1485612,,5.995
RFVHVYKVRGKLNK-UHFFFAOYSA-N,0.086275026,-0.16190007,,6.372
ODKLEQPZOCJQMT-UHFFFAOYSA-N,0.06574756,-0.1517582,,9.483
LIWAQLJGPBVORC-UHFFFAOYSA-N,0.038151328,-0.134246,,8.061
PFYPDUUXDADWKC-UHFFFAOYSA-N,0.061254352,-0.13438894,,6.972
WGBMKQSRUSKSOM-UHFFFAOYSA-N,0.090603076,-0.15424186,,5.661
GGYVTHJIUNGKFZ-UHFFFAOYSA-N,0.06888021,-0.19659668,,8.838
DULCUDSUACXJJC-UHFFFAOYSA-N,0.068855464,-0.15364233,,5.395
UOCLXMDMGBRAIB-UHFFFAOYSA-N,0.08654327,-0.035466205,,1.545
VDFVNEFVBPFDSB-UHFFFAOYSA-N,0.0691963,-0.18820442,,4.462
UMFJAHHVKNCGLG-UHFFFAOYSA-N,0.09285468,-0.14862527,,5.817
WZJYKHNJTSNBHV-UHFFFAOYSA-N,0.07269162,-0.120711565,,5.639
MBHINSULENHCMF-UHFFFAOYSA-N,0.08589734,-0.19284151,,8.31
VEZXCJBBBCKRPI-UHFFFAOYSA-N,0.10813026,-0.13180313,,4.973
VHBFFQKBGNRLFZ-UHFFFAOYSA-N,0.07806345,-0.1634061,,7.483
RGXUCUWVGKLACF-UHFFFAOYSA-N,0.055098668,-0.13149555,,7.439
USIUVYZYUHIAEV-UHFFFAOYSA-N,0.060626227,-0.113506235,,3.13
DVVGIUUJYPYENY-UHFFFAOYSA-N,0.101555176,-0.1772865,,8.772
FJDUDHYHRVPMJZ-UHFFFAOYSA-N,0.037929274,-0.11568621,,7.93
VBZWSGALLODQNC-UHFFFAOYSA-N,0.11375925,-0.033907756,,2.629
WZADGDPHGLPABW-UHFFFAOYSA-N,0.09182765,-0.19258147,,5.617
VJNGGOMRUHYAMC-UHFFFAOYSA-N,0.08775741,-0.076356724,,5.906
XEJIHKUDPINBCS-UHFFFAOYSA-N,0.1319525,-0.15540567,,7.083
REYJJPSVUYRZGE-UHFFFAOYSA-N,0.03834191,-0.12455818,,8.14
WYOXDERVKORKJN-UHFFFAOYSA-N,0.09739716,-0.1594067,,7.3
OZKOMUDCMCEDTM-UHFFFAOYSA-N,0.07979178,-0.11289623,,7.217
WNXJIVFYUVYPPR-UHFFFAOYSA-N,0.08503084,-0.13476264,,4.062
PSXLJUKMMIHADB-UHFFFAOYSA-N,0.124411374,-0.16057332,,7.179
SKBBQSLSGRSQAJ-UHFFFAOYSA-N,0.093873024,-0.13926005,,5.772
RAOIDOHSFRTOEL-UHFFFAOYSA-N,0.046500225,-0.09362176,,3.342
CSCPPACGZOOCGX-UHFFFAOYSA-N,0.07344136,-0.1578426,,5.684
WFJXYIUAMJAURQ-UHFFFAOYSA-N,0.14328264,-0.24464439,,8.745
BHTSNYQWLQLLOD-WUQLGEGHSA-N,0.06235688,-0.16827485,,5.461
KYVIFDXEMABEDB-UHFFFAOYSA-N,0.06549576,-0.19381958,,8.416
SMWDFEZZVXVKRB-UHFFFAOYSA-N,0.07196492,-0.12020422,,7.261
QKPVEISEHYYHRH-UHFFFAOYSA-N,0.112341926,-0.14663517,,4.666
LDDOSDVZPSGLFZ-UHFFFAOYSA-N,0.0586614,-0.16078416,,5.55
SQCZQTSHSZLZIQ-UHFFFAOYSA-N,0.06262554,-0.072013214,,2.218
RYMBAPVTUHZCNF-UHFFFAOYSA-N,0.08524856,-0.14326511,,6.372
HCJXEOFLVIFFDG-UHFFFAOYSA-N,0.08364607,-0.1928339,,8.283
YHQMSHVVGOSZEW-UHFFFAOYSA-N,0.07422102,-0.22074299,,8.967
NUKYPUAOHBNCPY-UHFFFAOYSA-N,0.10540457,-0.13100015,,8.75
WEEGYLXZBRQIMU-UHFFFAOYSA-N,0.039381374,-0.188122,,6.13
LDLCZOVUSADOIV-UHFFFAOYSA-N,0.10451895,-0.12153349,,4.223
VLLNJDMHDJRNFK-CHIWXEEVSA-N,0.0694533,-0.16261546,,5.871
ZMXDDKWLCZADIW-UHFFFAOYSA-N,0.097485475,-0.18757117,,7.728
WSJNYOVBJSOQST-UHFFFAOYSA-N,0.063256614,-0.15913469,,5.306
LFQSCWFLJHTTHZ-UHFFFAOYSA-N,0.08103633,-0.16490614,,5.15
GJRQTCIYDGXPES-UHFFFAOYSA-N,0.07140839,-0.1607109,,5.595
XEKOWRVHYACXOJ-UHFFFAOYSA-N,0.070990875,-0.15773004,,5.439
XQAACMFZWHCPPN-UHFFFAOYSA-N,0.083871774,-0.15985943,,7.159
ATDGTVJJHBUTRL-UHFFFAOYSA-N,0.039817687,-0.051806387,,3.484
DURPTKYDGMDSBL-UHFFFAOYSA-N,0.04306661,-0.17063934,,5.02
RFFFKMOABOFIDF-UHFFFAOYSA-N,0.08037771,-0.098535046,,5.15
KFDVPJUYSDEJTH-UHFFFAOYSA-N,0.06786356,-0.12206474,,7.394
DPBLXKKOBLCELK-UHFFFAOYSA-N,0.041682437,-0.12729535,,7.83
CWHFDTWZHFRTAB-UHFFFAOYSA-N,0.08383103,-0.080251426,,4.773
RJSZFWIUDNOVNP-UHFFFAOYSA-N,0.08948383,-0.20457333,,5.928
YXTROGRGRSPWKL-UHFFFAOYSA-N,0.0625709,-0.188633,,7.87
ZMANZCXQSJIPKH-UHFFFAOYSA-N,0.028407484,-0.15951219,,7.508
SMNMEJQTBGWHLI-UHFFFAOYSA-N,0.06314337,-0.13310024,,8.461
NWPWRAWAUYIELB-UHFFFAOYSA-N,0.06373708,-0.16219524,,5.395
VYHBFRJRBHMIQZ-UHFFFAOYSA-N,0.063843384,-0.18631437,,8.24
QMMFVYPAHWMCMS-UHFFFAOYSA-N,0.04473187,-0.061686575,,3.502
BULLHNJGPPOUOX-UHFFFAOYSA-N,0.08771809,-0.13504732,,4.528
IQZZFVDIZRWADY-UHFFFAOYSA-N,0.10996917,-0.14496812,,5.95
NPZOFLLFFNIYON-LBPRGKRZSA-N,0.16673523,-0.23562916,,7.672
KZTYYGOKRVBIMI-UHFFFAOYSA-N,0.097379856,-0.2101534,,5.75
KVNRLNFWIYMESJ-UHFFFAOYSA-N,0.074444726,-0.09662685,,5.159
UIHCLUNTQKBZGK-YFKPBYRVSA-N,0.07248817,-0.16188602,,5.772
RWCCWEUUXYIKHB-UHFFFAOYSA-N,0.0664519,-0.15062933,,5.439
FJKIXWOMBXYWOQ-UHFFFAOYSA-N,0.07728,-0.15484737,,3.284
OOWFYDWAMOKVSF-UHFFFAOYSA-N,0.07181652,-0.11989598,,5.078
MSXIOWULDXZJLX-UHFFFAOYSA-N,0.08078049,-0.13949367,,7.75
GUVUOGQBMYCBQP-UHFFFAOYSA-N,0.07253958,-0.19947785,,9.261
PYOKUURKVVELLB-UHFFFAOYSA-N,0.06869773,-0.1376896,,4.284
OISVCGZHLKNMSJ-UHFFFAOYSA-N,0.054012865,-0.12824292,,7.816
WHTDCOSHHMXZNE-UHFFFAOYSA-N,0.050736018,-0.13723122,,6.592
PMDCZENCAXMSOU-UHFFFAOYSA-N,0.097558096,-0.18161857,,8.15
FXHOOIRPVKKKFG-UHFFFAOYSA-N,0.0828195,-0.19234538,,8.483
PIICEJLVQHRZGT-UHFFFAOYSA-N,0.04925729,-0.11507742,,8.727
RHMPLDJJXGPMEX-UHFFFAOYSA-N,0.13110213,-0.08787109,,2.781
HXVNBWAKAOHACI-UHFFFAOYSA-N,0.062062986,-0.16246054,,5.461
UUIMDJFBHNDZOW-UHFFFAOYSA-N,0.05986093,-0.13796589,,6.217
NCCHARWOCKOHIH-UHFFFAOYSA-N,0.09405495,-0.181117,,7.572
OIWFZENWZGPLQZ-UHFFFAOYSA-N,0.084280446,-0.157032,,5.665
LVQDLURAEDSMES-UHFFFAOYSA-N,0.07989026,-0.19648999,,7.931
HCIBTBXNLVOFER-UHFFFAOYSA-N,0.089227945,-0.128109,,8.172
WVDDGKGOMKODPV-UHFFFAOYSA-N,0.087591186,-0.18445778,,4.94
KGIGUEBEKRSTEW-UHFFFAOYSA-N,0.06866853,-0.12294914,,6.728
WXBWKMLIVXELSF-UHFFFAOYSA-N,0.100866914,-0.14431365,,5.373
YNBADRVTZLEFNH-UHFFFAOYSA-N,0.092441514,-0.14528555,,6.372
ULKWBVNMJZUEBD-UHFFFAOYSA-N,0.064601146,-0.19508377,,8.105
AEKVBBNGWBBYLL-UHFFFAOYSA-N,0.08583402,-0.074843206,,4.662
MTAODLNXWYIKSO-UHFFFAOYSA-N,0.089965776,-0.106122,,5.173
ROSDSFDQCJNGOL-UHFFFAOYSA-N,0.03779438,-0.12743555,,8.083
JNELGWHKGNBSMD-UHFFFAOYSA-N,0.07978811,-0.14726305,,6.083
BGNGWHSBYQYVRX-UHFFFAOYSA-N,0.08201553,-0.16786742,,6.461
XZMCDFZZKTWFGF-UHFFFAOYSA-N,0.12387961,-0.08902715,,5.55
MCTWTZJPVLRJOU-UHFFFAOYSA-N,0.09281023,-0.15299286,,9.061
IENJMFWWRIWLIW-UHFFFAOYSA-N,0.11820463,-0.14441562,,4.906
MZBIWKMCTWJLPT-UHFFFAOYSA-N,0.08441447,-0.20677826,,8.452
LJXQPZWIHJMPQQ-UHFFFAOYSA-N,0.11242914,-0.11735898,,7.172
PDQRQJVPEFGVRK-UHFFFAOYSA-N,0.07772589,-0.10045086,,4.223
YFKBXYGUSOXJGS-UHFFFAOYSA-N,0.08530775,-0.14589734,,5.284
WRMNZCZEMHIOCP-UHFFFAOYSA-N,0.085415095,-0.14644155,,5.253
OKKJLVBELUTLKV-UHFFFAOYSA-N,0.0814375,-0.14504972,,4.841
GOOHAUXETOMSMM-VKHMYHEASA-N,0.07285868,-0.16345711,,5.217
JCMZZYSPSGHBNM-UHFFFAOYSA-N,0.08067338,-0.18049443,,6.861
OCGXPFSUJVHRHA-UHFFFAOYSA-N,0.08492996,-0.1949622,,8.194
LBKDGROORAKTLC-UHFFFAOYSA-N,0.0773516,-0.07458378,,2.195
BMVXCPBXGZKUPN-UHFFFAOYSA-N,0.041775428,-0.12638107,,7.725
DRUIESSIVFYOMK-UHFFFAOYSA-N,0.030574767,-0.027073521,,2.344
VSYFZULSKMFUJJ-UHFFFAOYSA-N,0.08429177,-0.17993791,,8.616
CSYLYUAMXUGIFE-UHFFFAOYSA-N,0.08442849,-0.17678508,,5.706
HWWYDZCSSYKIAD-UHFFFAOYSA-N,0.05817368,-0.13263828,,7.972
XEZNGIUYQVAUSS-UHFFFAOYSA-N,0.074388966,-0.15160571,,5.7
BUZYGTVTZYSBCU-UHFFFAOYSA-N,0.10070838,-0.1422871,,5.128
WAULAQAPARJWJJ-UHFFFAOYSA-N,0.033726268,-0.06640812,,3.548
LZDKZFUFMNSQCJ-UHFFFAOYSA-N,0.051685095,-0.16484849,,5.484
QFHAGCRNENPASY-GQCTYLIASA-N,0.1129046,-0.13896732,,7.705
FTAHXMZRJCZXDL-UHFFFAOYSA-N,0.041502986,-0.17388266,,7.861
YXWJGZQOGXGSSC-UHFFFAOYSA-N,0.08190382,-0.049586628,,3.075
XHNTVKASLQLNFM-UHFFFAOYSA-N,0.09012066,-0.20124835,,9.549
NTIZESTWPVYFNL-UHFFFAOYSA-N,0.071573615,-0.16118519,,5.661
HVCFCNAITDHQFX-UHFFFAOYSA-N,0.06850749,-0.16022229,,5.995
MZBUJUWHEHJJKJ-UHFFFAOYSA-N,0.09370676,-0.15632668,,5.572
PCNDJXKNXGMECE-UHFFFAOYSA-N,0.07171827,-0.11875917,,5.995
MTJVUMGKHCIMJL-UHFFFAOYSA-N,0.07602719,-0.19116725,,8.003
ZDOYHCIRUPHUHN-UHFFFAOYSA-N,0.09652148,-0.16121234,,5.1
HHVIBTZHLRERCL-UHFFFAOYSA-N,0.14543632,-0.20955531,,6.172
PAAZPARNPHGIKF-UHFFFAOYSA-N,0.080358334,-0.04127676,,1.662
QZVQQUVWFIZUBQ-UHFFFAOYSA-N,0.10864359,-0.09803442,,3.742
JJWLVOIRVHMVIS-UHFFFAOYSA-N,0.038224474,-0.13858308,,7.994
OEPRBXUJOQLYID-UHFFFAOYSA-N,0.05262474,-0.092418306,,2.929
QJQAMHYHNCADNR-UHFFFAOYSA-N,0.10453963,-0.18263015,,8.039
KBVQJEKAHKMCID-FNORWQNLSA-N,0.09093565,-0.22479495,,7.039
YMWUJEATGCHHMB-UHFFFAOYSA-N,0.10847275,-0.05338941,,1.957
QWPYVYJPIHGYGX-RZIOALPKSA-N,0.069680974,-0.1408667,,3.817
NPKXLCMBIGGTTQ-UHFFFAOYSA-N,0.07678419,-0.2385242,,5.961
WYACBZDAHNBPPB-UHFFFAOYSA-N,0.076489516,-0.13037908,,4.506
CPWSNJSGSXXVLD-CHIWXEEVSA-N,0.036734965,-0.11017743,,3.64
LEIMLDGFXIOXMT-UHFFFAOYSA-N,0.06271812,-0.11436275,,5.128
SBYHFKPVCBCYGV-UHFFFAOYSA-N,0.027504932,-0.117670484,,9.083
KAESVJOAVNADME-UHFFFAOYSA-N,0.1130632,-0.14021033,,4.12
ZDPAWHACYDRYIW-UHFFFAOYSA-N,0.10150169,-0.14360963,,5.284
BOHCMQZJWOGWTA-UHFFFAOYSA-N,0.07434435,-0.08668397,,4.95
VHYFNPMBLIVWCW-UHFFFAOYSA-N,0.070121646,-0.14557269,,9.283
LFSAPCRASZRSKS-LURJTMIESA-N,0.05779043,-0.16523631,,5.884
HBNYJWAFDZLWRS-UHFFFAOYSA-N,0.1171928,-0.10970886,,2.924
WMFABESKCHGSRC-UHFFFAOYSA-N,0.09459996,-0.1272115,,2.751
ZYPLZLQKRFFKCL-UHFFFAOYSA-N,0.09838315,-0.19332606,,6.506
JQVDAXLFBXTEQA-UHFFFAOYSA-N,0.03191927,-0.1423165,,7.931
AKQWEDMTPCAESO-UHFFFAOYSA-N,0.0942282,-0.16878211,,6.639
PJYTYJGMJDIKEJ-UHFFFAOYSA-N,0.081882685,-0.15437274,,5.75
QSACPWSIIRFHHR-UHFFFAOYSA-N,0.07198128,-0.09889744,,4.973
CQQUWTMMFMJEFE-UHFFFAOYSA-N,0.08941383,-0.17916363,,7.017
NVJUHMXYKCUMQA-UHFFFAOYSA-N,0.048122004,-0.17734496,,5.15
XXOIGDFCELVFFJ-UHFFFAOYSA-N,0.18646374,-0.24122521,,7.816
UKROGNGFIXLRHI-UHFFFAOYSA-N,0.07130016,-0.1751025,,7.08
OOLOYCGJRJFTPM-UHFFFAOYSA-N,0.0798461,-0.08007553,,2.462
XIAJQOBRHVKGSP-UHFFFAOYSA-N,0.04458189,-0.074678004,,1.662
JACMPVXHEARCBO-UHFFFAOYSA-N,0.031436697,-0.14154634,,7.931
JWVNPUBYKCSIKR-UHFFFAOYSA-N,0.08028084,-0.13531873,,7.239
APLHDUWNMGJBFD-UHFFFAOYSA-N,0.10587484,-0.18625185,,6.617
JKTCBAGSMQIFNL-UHFFFAOYSA-N,0.066400036,-0.12429616,,4.239
RJGDLRCDCYRQOQ-UHFFFAOYSA-N,0.08517714,-0.15482533,,5.639
HXQHRUJXQJEGER-UHFFFAOYSA-N,0.0953806,-0.13508241,,6.644
GAEKPEKOJKCEMS-BYPYZUCNSA-N,0.089992836,-0.163716,,6.239
HTIRHQRTDBPHNZ-UHFFFAOYSA-N,0.037563607,-0.08090863,,3.604
LRMLWYXJORUTBG-UHFFFAOYSA-N,0.090185106,-0.25211987,,10.71
UIQGEWJEWJMQSL-UHFFFAOYSA-N,0.0695402,-0.16623843,,5.195
FDDDTDSPQXLQFY-UHFFFAOYSA-N,0.10315028,-0.18091796,,7.24
DSGZADFUTPZEMZ-UHFFFAOYSA-N,0.09166224,-0.19286235,,5.639
BVSPJPNNLDIUFE-UHFFFAOYSA-N,0.11519718,-0.2103146,,5.706
GRIXINIGTYIHSN-UHFFFAOYSA-N,0.08446624,-0.1612394,,6.181
NZNMSOFKMUBTKW-UHFFFAOYSA-N,0.093214974,-0.1528377,,5.4
QQZOPKMRPOGIEB-UHFFFAOYSA-N,0.07199291,-0.15885897,,5.684
RGUKYNXWOWSRET-UHFFFAOYSA-N,0.065252624,-0.1511237,,9.572
SECXISVLQFMRJM-UHFFFAOYSA-N,0.07243682,-0.18906657,,8.35
KMSNYNIWEORQDJ-UHFFFAOYSA-N,0.08220485,-0.12957285,,5.15
BNUHAJGCKIQFGE-UHFFFAOYSA-N,0.11215843,-0.14027226,,4.17
PAYRUJLWNCNPSJ-UHFFFAOYSA-N,0.090728246,-0.13732842,,4.508
BHAAPTBBJKJZER-UHFFFAOYSA-N,0.07574944,-0.120230936,,5.297
BATDBURDIROQFJ-SOFGYWHQSA-N,0.08729946,-0.22979802,,7.639
FRGXNJWEDDQLFH-UHFFFAOYSA-N,0.061502047,-0.13169883,,7.416
GRTGGSXWHGKRSB-UHFFFAOYSA-N,0.118452944,-0.12030636,,2.862
IDJCCRRYIMWLSQ-UHFFFAOYSA-N,0.087594934,-0.16717522,,7.517
PAFZNILMFXTMIY-UHFFFAOYSA-N,0.03919348,-0.14121604,,8.15
YSHMQTRICHYLGF-UHFFFAOYSA-N,0.059996545,-0.13618156,,7.75
ZSSWXNPRLJLCDU-UHFFFAOYSA-N,0.082964584,-0.25919923,,10.08
GPTVQTPMFOLLOA-UHFFFAOYSA-N,0.06627032,-0.15118775,,4.039
IEJIGPNLZYLLBP-UHFFFAOYSA-N,0.086474925,-0.14847204,,4.884
VQHPRVYDKRESCL-CHIWXEEVSA-N,0.04412306,-0.10146618,,2.684
VCYZVXRKYPKDQB-UHFFFAOYSA-N,0.09425295,-0.14289607,,4.706
IWDCLRJOBJJRNH-UHFFFAOYSA-N,0.110706106,-0.10889149,,3.09
MNZAKDODWSQONA-UHFFFAOYSA-N,0.08367701,-0.2597111,,10.2
FUCOMWZKWIEKRK-UHFFFAOYSA-N,0.051794555,-0.068964675,,2.4
ZCQWOFVYLHDMMC-UHFFFAOYSA-N,0.09878985,-0.098619,,5.768
SUNMBRGCANLOEG-UHFFFAOYSA-N,0.12964082,-0.12739103,,4.223
YRKCREAYFQTBPV-UHFFFAOYSA-N,0.080833584,-0.13463594,,5.061
FFCSRWGYGMRBGD-UHFFFAOYSA-N,0.100293756,-0.10709453,,3.6
JLSSWDFCYXSLQX-UHFFFAOYSA-N,0.08220645,-0.13671027,,5.061
PWXRDOSRCIGJDM-UHFFFAOYSA-N,0.03649535,-0.083888784,,3.502
PERWAYOEWJEJNO-UHFFFAOYSA-N,0.11094724,-0.19534016,,7.883
WYURNTSHIVDZCO-UHFFFAOYSA-N,0.051150247,-0.16302422,,5.906
ORPHOKOVVUFNKE-UHFFFAOYSA-N,0.08392698,-0.16594863,,7.301
UPOSSYJVWXLPTA-UHFFFAOYSA-N,0.062889576,-0.16340949,,5.728
VEUUMBGHMNQHGO-UHFFFAOYSA-N,0.09587088,-0.14052713,,4.55
RGWHHWWMFUXNAX-ICWSVDNISA-N,0.0529368,-0.17009628,,5.661
DKNWSYNQZKUICI-CHIWXEEVSA-N,0.03483562,-0.1290652,,8.194
OLJDIRLJSRSJNR-UHFFFAOYSA-N,0.11284955,-0.14184155,,4.411
XYWDPYKBIRQXQS-UHFFFAOYSA-N,0.041371368,-0.1066257,,3.811
XRGPFNGLRSIPSA-UHFFFAOYSA-N,0.10145393,-0.14315379,,4.573
XBPPLECAZBTMMK-UHFFFAOYSA-N,0.093184106,-0.1709419,,6.928
FFNVQNRYTPFDDP-UHFFFAOYSA-N,0.098846465,-0.08907517,,4.95
PKZJLOCLABXVMC-UHFFFAOYSA-N,0.09628131,-0.16036628,,5.528
NRGGMCIBEHEAIL-UHFFFAOYSA-N,0.062007256,-0.13108796,,7.372
GPHQHTOMRSGBNZ-UHFFFAOYSA-N,0.09658332,-0.0767239,,5.395
AHJWSRRHTXRLAQ-UHFFFAOYSA-N,0.0565357,-0.14801827,,4.973
BDERNNFJNOPAEC-UHFFFAOYSA-N,0.07155949,-0.14892493,,5.253
GCDVQIPVANUWJO-UHFFFAOYSA-N,0.09686941,-0.14620316,,8.75
HONIICLYMWZJFZ-UHFFFAOYSA-N,0.040953968,-0.13543962,,8.816
AVFZOVWCLRSYKC-UHFFFAOYSA-N,0.031788167,-0.17146653,,7.928
SUDHEDJJFGYYPL-UHFFFAOYSA-N,0.06356274,-0.17608602,,7.128
QARVLSVVCXYDNA-UHFFFAOYSA-N,0.06871641,-0.09967617,,1.378
ZOMKCDYJHAQMCU-UHFFFAOYSA-N,0.09051415,-0.15444458,,10.54
SVYKKECYCPFKGB-UHFFFAOYSA-N,0.03643897,-0.141701,,7.825
HXJUTPCZVOIRIF-UHFFFAOYSA-N,0.14076164,-0.2105913,,6.328
ZRLDBDZSLLGDOX-UHFFFAOYSA-N,0.06608567,-0.13378826,,7.55
CYSGHNMQYZDMIA-UHFFFAOYSA-N,0.07570164,-0.18166745,,8.527
NUMQCACRALPSHD-UHFFFAOYSA-N,0.044796646,-0.18525335,,5.461
MVUMJYQUKKUOHO-UHFFFAOYSA-N,0.085754275,-0.18773922,,7.7
WGYKZJWCGVVSQN-UHFFFAOYSA-N,0.041146025,-0.12558967,,7.928
AQNQZLOSBFEYBX-LURJTMIESA-N,0.17649963,-0.23867598,,8.201
PFEGFUCYOHBDJF-UHFFFAOYSA-N,0.08177939,-0.14294887,,5.3
IOJUPLGTWVMSFF-UHFFFAOYSA-N,0.09239703,-0.107446276,,6.056
VEFLKXRACNJHOV-UHFFFAOYSA-N,0.08085966,-0.05562949,,1.884
QRPMWVNREKTPOV-UHFFFAOYSA-N,0.06443738,-0.13310099,,4.769
YZWKKMVJZFACSU-UHFFFAOYSA-N,0.063564084,-0.065473974,,2.284
AFHUWZFARIICFX-UHFFFAOYSA-N,0.094392195,-0.14314385,,6.39
VAJCYQHLYBTSHG-UHFFFAOYSA-N,0.05847647,-0.1808583,,7.394
CVQUWLDCFXOXEN-UHFFFAOYSA-N,0.11422352,-0.16141723,,7.572
WCFDSGHAIGTEKL-UHFFFAOYSA-N,0.13828355,-0.20886506,,5.95
NBBJYMSMWIIQGU-UHFFFAOYSA-N,0.09142846,-0.15125333,,4.635
ZWAJLVLEBYIOTI-OLQVQODUSA-N,0.06004262,-0.17268027,,5.572
GGDYAKVUZMZKRV-UHFFFAOYSA-N,0.10051689,-0.123160794,,4.326
XUVKSPPGPPFPQN-UHFFFAOYSA-N,0.10414424,-0.16887225,,7.328
JIBRFXMUEQDPGO-UHFFFAOYSA-N,0.059819438,-0.12905377,,8.2
HMIBQFXWSUBFTG-UHFFFAOYSA-N,0.073097825,-0.1809861,,7.105
CSTJIJYJEWKYGH-UHFFFAOYSA-N,0.09507765,-0.13446921,,4.839
NAQMVNRVTILPCV-UHFFFAOYSA-N,0.043349236,-0.124189466,,7.972
DMBHHRLKUKUOEG-UHFFFAOYSA-N,0.094963826,-0.1226637,,3.24
LCZUOKDVTBMCMX-UHFFFAOYSA-N,0.07281954,-0.119662635,,5.928
WMQUKDQWMMOHSA-UHFFFAOYSA-N,0.09548857,-0.13807333,,6.395
CYFPVACSJLXVCA-UHFFFAOYSA-N,0.10228493,-0.15196456,,7.921
YYVYAPXYZVYDHN-UHFFFAOYSA-N,0.10834033,-0.14195332,,5.284
XRYKNXGXIFPTKH-UHFFFAOYSA-N,0.040932313,-0.102601506,,3.708
IGTWYMQBGKAFCF-VOTSOKGWSA-N,0.10232029,-0.17628425,,6.506
GXMIHVHJTLPVKL-UHFFFAOYSA-N,0.08290135,-0.19867614,,8.083
MUUWQYQRBFVTIB-UHFFFAOYSA-N,0.05273015,-0.15363625,,8.7
CGZZMOTZOONQIA-UHFFFAOYSA-N,0.055614635,-0.1701375,,6.195
SEEYREPSKCQBBF-UHFFFAOYSA-N,0.10005698,-0.118863545,,5.768
OFCCYDUUBNUJIB-UHFFFAOYSA-N,0.08764669,-0.14273965,,5.461
BAYUSCHCCGXLAY-UHFFFAOYSA-N,0.094999865,-0.14957389,,5.639
GJNGXPDXRVXSEH-UHFFFAOYSA-N,0.0859478,-0.0733208,,4.528
QKZRSIWEFMDUIL-UHFFFAOYSA-N,0.069199115,-0.19209072,,6.706
ZKKBIZXAEDFPNL-HWKANZROSA-N,0.08832283,-0.122918375,,6.839
TVDSBUOJIPERQY-UHFFFAOYSA-N,0.09078783,-0.12839423,,3.708
RIFKADJTWUGDOV-UHFFFAOYSA-N,0.07044047,-0.16161832,,5.817
FKRCODPIKNYEAC-UHFFFAOYSA-N,0.066610806,-0.15957063,,5.461
RTJGTTXUCVCPIQ-UHFFFAOYSA-N,0.1288106,-0.2107105,,10.26
DHIVLKMGKIZOHF-UHFFFAOYSA-N,0.053305615,-0.09166103,,3.106
WJYIASZWHGOTOU-UHFFFAOYSA-N,0.04164128,-0.126763,,7.725
ZWXPDGCFMMFNRW-UHFFFAOYSA-N,0.066422485,-0.20006317,,8.683
NAMYKGVDVNBCFQ-UHFFFAOYSA-N,0.06506956,-0.08450669,,2.395
LYCAIKOWRPUZTN-UHFFFAOYSA-N,0.09508442,-0.12594166,,5.253
HPXRVTGHNJAIIH-UHFFFAOYSA-N,0.0747022,-0.16005036,,5.562
YEEMHJNIVXNCSN-ALCCZGGFSA-N,0.10189122,-0.14275913,,8.039
SHQSVMDWKBRBGB-UHFFFAOYSA-N,0.059569344,-0.13978052,,5.284
IWJMFKRJGSKMBW-SHRKTGAESA-N,0.094431534,-0.18753359,,8.716
ULTHEAFYOOPTTB-UHFFFAOYSA-N,0.08494655,-0.06482437,,2.018
GGSUCNLOZRCGPQ-UHFFFAOYSA-N,0.059132885,-0.15355866,,4.877
QANVSPFERJBPTO-UHFFFAOYSA-N,0.0673194,-0.19200669,,7.97
FSPSELPMWGWDRY-UHFFFAOYSA-N,0.07780586,-0.15639386,,5.506
HUTDHWXNOSDRBN-UHFFFAOYSA-N,0.06261842,-0.19692002,,7.994
JPMQWSJHCDLANT-UHFFFAOYSA-N,0.06253315,-0.19923478,,7.683
ISWSIDIOOBJBQZ-UHFFFAOYSA-N,0.11556834,-0.107858546,,2.884
IWTFOFMTUOBLHG-UHFFFAOYSA-N,0.07152218,-0.11754487,,5.261
NKDDWNXOKDWJAK-UHFFFAOYSA-N,0.06856187,-0.13853213,,4.351
DQWPFSLDHJDLRL-UHFFFAOYSA-N,0.0761328,-0.21729696,,8.781
GYCPLYCTMDTEPU-UHFFFAOYSA-N,0.09848171,-0.07994281,,4.373
CELKOWQJPVJKIL-UHFFFAOYSA-N,0.084990606,-0.093130305,,6.061
VZXXYILNWWRSGE-UHFFFAOYSA-N,0.05601778,-0.16535138,,5.4
YIIMEMSDCNDGTB-UHFFFAOYSA-N,0.09148708,-0.14358225,,5.284
BLXSFCHWMBESKV-UHFFFAOYSA-N,0.060245857,-0.049198125,,2.2
SAANJXKHPZBABZ-UHFFFAOYSA-N,0.083018556,-0.16682303,,7.33
JMMWKPVZQRWMSS-UHFFFAOYSA-N,0.06764092,-0.16048816,,5.617
JIHQDMXYYFUGFV-UHFFFAOYSA-N,0.10150081,-0.08512137,,3.773
IMRWILPUOVGIMU-UHFFFAOYSA-N,0.08578552,-0.10029568,,5.35
ROFVEXUMMXZLPA-UHFFFAOYSA-N,0.07171957,-0.11838907,,5.617
CZPWVGJYEJSRLH-UHFFFAOYSA-N,0.08637519,-0.10736607,,5.439
RDHPKYGYEGBMSE-UHFFFAOYSA-N,0.06998084,-0.06710063,,2.173
SRPCLECGIYMIMN-CSKARUKUSA-N,0.07220027,-0.1527512,,7.283
PTTPXKJBFFKCEK-UHFFFAOYSA-N,0.061746463,-0.1582556,,5.439
YHRUOJUYPBUZOS-UHFFFAOYSA-N,0.07790786,-0.0604168,,1.929
WSLDOOZREJYCGB-UHFFFAOYSA-N,0.09635041,-0.06381704,,2.369
ONIHPYYWNBVMID-UHFFFAOYSA-N,0.06736943,-0.14347899,,4.75
XDOKVFJJVSLHDJ-UHFFFAOYSA-N,0.10962716,-0.19408438,,7.839
JJHHIJFTHRNPIK-UHFFFAOYSA-N,0.18853256,-0.2220033,,7.483
LKXYJYDRLBPHRS-UHFFFAOYSA-N,0.06792174,-0.05728151,,2.018
WBJINCZRORDGAQ-UHFFFAOYSA-N,0.10909732,-0.14697509,,4.528
HLDBHWJNZHGZMV-LLVKDONJSA-N,0.16969073,-0.23136628,,7.622
PAMIQIKDUOTOBW-UHFFFAOYSA-N,0.033487365,-0.15172142,,7.75
XLSZMDLNRCVEIJ-UHFFFAOYSA-N,0.11969188,-0.14111505,,8.927
QSNSCYSYFYORTR-UHFFFAOYSA-N,0.10712727,-0.10406391,,4.104
OSOIQJGOYGSIMF-UHFFFAOYSA-N,0.06459363,-0.16441298,,5.772
QVWDCTQRORVHHT-UHFFFAOYSA-N,0.08830445,-0.16937761,,7.439
XLYOFNOQVPJJNP-UHFFFAOYSA-N,0.10813701,-0.12777746,,4.5
SXVPOSFURRDKBO-UHFFFAOYSA-N,0.06668504,-0.16232324,,5.795
HJOVHMDZYOCNQW-UHFFFAOYSA-N,0.070406444,-0.1790745,,6.93
JYMNQRQQBJIMCV-UHFFFAOYSA-N,0.094008885,-0.11582312,,5.839
VIZNDSYPXQJMCM-UHFFFAOYSA-N,0.07600387,-0.112182334,,3.842
AVQQQNCBBIEMEU-UHFFFAOYSA-N,0.06637876,-0.19441116,,8.483
YUWFEBAXEOLKSG-UHFFFAOYSA-N,0.03382636,-0.11739066,,3.273
YMBSJQHEFLROIX-UHFFFAOYSA-N,0.09659979,-0.18089433,,6.899
OHLUUHNLEMFGTQ-UHFFFAOYSA-N,0.10465753,-0.18304367,,8.172
JFDZBHWFFUWGJE-UHFFFAOYSA-N,0.07897757,-0.08448393,,4.839
PJGSXYOJTGTZAV-UHFFFAOYSA-N,0.07162007,-0.16320221,,5.728
LSXWFXONGKSEMY-UHFFFAOYSA-N,0.040223867,-0.17452599,,3.351
ZQWPRMPSCMSAJU-UHFFFAOYSA-N,0.06614415,-0.16178429,,5.417
BYEAHWXPCBROCE-UHFFFAOYSA-N,0.15715538,-0.057359785,,0.927
MNOILHPDHOHILI-UHFFFAOYSA-N,0.08506362,-0.19836195,,6.06
UYFJYGWNYQCHOB-UHFFFAOYSA-N,0.07582166,-0.16158843,,5.839
MQBNSGDDWSWJLR-UHFFFAOYSA-N,0.09782587,-0.16773191,,5.795
HFZKOYWDLDYELC-UHFFFAOYSA-N,0.08509515,-0.13986441,,4.084
MYOHNZJKOAODMX-UHFFFAOYSA-N,0.07419892,-0.15719914,,6.839
DACIGVIOAFXPHW-CDECOKDKSA-N,0.06695703,-0.16558513,,5.95
CFPIZMWTMRWZRO-UHFFFAOYSA-N,0.09458556,-0.16445366,,5.061
RHQDFWAXVIIEBN-UHFFFAOYSA-N,0.12944947,-0.09679906,,2.472
CLWIJUQLAFJNOF-UHFFFAOYSA-N,0.08060951,-0.1567016,,6.728
GCUVJAHASMTIRG-UHFFFAOYSA-N,0.07144338,-0.151877,,5.95
GNKZMNRKLCTJAY-UHFFFAOYSA-N,0.079495676,-0.16017327,,5.817
NMRHCNYNTKGDGB-UHFFFAOYSA-N,0.12304422,-0.19665454,,6.083
NLPHXWGWBKZSJC-UHFFFAOYSA-N,0.108644046,-0.13211298,,5.217
JNAKRDAEBSBJGO-UHFFFAOYSA-N,0.079838194,-0.18983017,,7.622
QPJVMBTYPHYUOC-UHFFFAOYSA-N,0.07193871,-0.15389621,,5.039
WMOVHXAZOJBABW-UHFFFAOYSA-N,0.06415376,-0.16118143,,5.506
CDQSTBHGKNNPSY-UHFFFAOYSA-N,0.06835276,-0.1941963,,7.868
IOQPZZOEVPZRBK-UHFFFAOYSA-N,0.041885212,-0.12689209,,8.105
CODXZFSZJFCVBE-UHFFFAOYSA-N,0.09152506,-0.15087883,,5.459
BUDQDWGNQVEFAC-UHFFFAOYSA-N,0.05921091,-0.13247663,,3.973
NUJGJRNETVAIRJ-UHFFFAOYSA-N,0.0904752,-0.15268844,,4.635
JBYHSSAVUBIJMK-UHFFFAOYSA-N,0.06257559,-0.15126169,,4.697
SJNALLRHIVGIBI-UHFFFAOYSA-N,0.087478,-0.09168101,,4.995
LSCYTCMNCWMCQE-UHFFFAOYSA-N,0.09015201,-0.1393252,,9.038
RZXMPPFPUUCRFN-UHFFFAOYSA-N,0.07545209,-0.13303764,,4.944
UMIPWJGWASORKV-UHFFFAOYSA-N,0.05205814,-0.07956144,,2.884
SELYJABLPLKXOY-UHFFFAOYSA-N,0.06868145,-0.17307669,,7.061
RGTLAJIDOSPEDH-UHFFFAOYSA-N,0.11282487,-0.15993561,,5.084
PHWSCBWNPZDYRI-UHFFFAOYSA-N,0.09859677,-0.12424051,,4.462
SZIFAVKTNFCBPC-UHFFFAOYSA-N,0.0972375,-0.12772566,,4.223
UAOMVDZJSHZZME-UHFFFAOYSA-N,0.03782975,-0.13303685,,7.485
RDOXTESZEPMUJZ-UHFFFAOYSA-N,0.073489875,-0.12377323,,3.295
JKOVQYWMFZTKMX-ONEGZZNKSA-N,0.11554244,-0.17865461,,6.328
HGCIXCUEYOPUTN-UHFFFAOYSA-N,0.031297073,-0.115437396,,1.24
SUSQOBVLVYHIEX-UHFFFAOYSA-N,0.09679442,-0.11188186,,4.802
LRDFRRGEGBBSRN-UHFFFAOYSA-N,0.07008597,-0.09819948,,5.284
SWFHGTMLYIBPPA-UHFFFAOYSA-N,0.08804297,-0.15713128,,5.884
PNPCRKVUWYDDST-UHFFFAOYSA-N,0.10141623,-0.10451571,,3.582
CTSZPNIMMLSKDV-UHFFFAOYSA-N,0.053732954,-0.13079348,,8.816
PHWISQNXPLXQRU-UHFFFAOYSA-N,0.10604649,-0.14875828,,4.173
SNZSAFILJOCMFM-UHFFFAOYSA-N,0.086787,-0.26152962,,10.81
YSTPAHQEHQSRJD-VIFPVBQESA-N,0.06963137,-0.1745334,,6.137
FMKOJHQHASLBPH-UHFFFAOYSA-N,0.06377366,-0.07010468,,2.2
MCSAJNNLRCFZED-UHFFFAOYSA-N,0.10552323,-0.13057408,,3.773
MVUMJYQUKKUOHO-AATRIKPKSA-N,0.08705575,-0.19098721,,7.725
JIKUXBYRTXDNIY-UHFFFAOYSA-N,0.11351538,-0.15763098,,6.9
SVEUVITYHIHZQE-UHFFFAOYSA-N,0.08553295,-0.13861036,,7.75
ARKIFHPFTHVKDT-UHFFFAOYSA-N,0.1045914,-0.122587085,,4.595
HKTSLDUAGCAISP-UHFFFAOYSA-N,0.061082058,-0.16148388,,6.283
KBEBGUQPQBELIU-CMDGGOBGSA-N,0.07280318,-0.15952185,,5.595
IAZDPXIOMUYVGZ-UHFFFAOYSA-N,0.18620384,-0.2376858,,8.599
KDISMIMTGUMORD-UHFFFAOYSA-N,0.07302561,-0.18831094,,8.165
ILBIXZPOMJFOJP-UHFFFAOYSA-N,0.05915551,-0.1380296,,6.617
JMVIVASFFKKFQK-UHFFFAOYSA-N,0.08687414,-0.15828782,,7.114
FZUGPQWGEGAKET-UHFFFAOYSA-N,0.07877459,-0.17429635,,6.283
SNHMUERNLJLMHN-UHFFFAOYSA-N,0.06753362,-0.10586774,,1.5
XTGOWLIKIQLYRG-UHFFFAOYSA-N,0.0579426,-0.05558606,,1.973
HTJDQJBWANPRPF-UHFFFAOYSA-N,0.04660818,-0.13349795,,6.928
YKYONYBAUNKHLG-UHFFFAOYSA-N,0.07097466,-0.15893441,,5.617
CTAPFRYPJLPFDF-UHFFFAOYSA-N,0.09364122,-0.09473148,,4.697
NCBZRJODKRCREW-UHFFFAOYSA-N,0.089048594,-0.12520961,,4.708
PFCHFHIRKBAQGU-UHFFFAOYSA-N,0.071727104,-0.16063312,,5.572
OZJPLYNZGCXSJM-UHFFFAOYSA-N,0.08796589,-0.17262954,,6.55
VVIAWLIDZAXESO-UHFFFAOYSA-N,0.07891549,-0.14017937,,4.684
QUSNBJAOOMFDIB-UHFFFAOYSA-N,0.041501015,-0.13028197,,7.883
ZVWHURINXJWEER-UHFFFAOYSA-N,0.061887383,-0.17778735,,6.93
DSSYKIVIOFKYAU-XCBNKYQSSA-N,0.048476532,-0.16218299,,5.972
DENRZWYUOJLTMF-UHFFFAOYSA-N,0.14836945,-0.1774502,,4.839
AKODNVGCZKBUNT-UHFFFAOYSA-N,0.09109028,-0.15716645,,7.048
IMFACGCPASFAPR-UHFFFAOYSA-N,0.030202039,-0.18231177,,6.766
AWJUIBRHMBBTKR-UHFFFAOYSA-N,0.07780432,-0.11751223,,7.372
UNFUYWDGSFDHCW-UHFFFAOYSA-N,0.050208353,-0.102280624,,2.462
LQNUZADURLCDLV-UHFFFAOYSA-N,0.09634075,-0.13068943,,3.728
XNBKKRFABABBPM-UHFFFAOYSA-N,0.07409554,-0.12893955,,4.728
NLHHRLWOUZZQLW-UHFFFAOYSA-N,0.08794959,-0.0839068,,4.617
JKANAVGODYYCQF-UHFFFAOYSA-N,0.07052019,-0.08500426,,6.55
YLQBMQCUIZJEEH-UHFFFAOYSA-N,0.07355474,-0.10650316,,2.173
BWHOZHOGCMHOBV-BQYQJAHWSA-N,0.0795876,-0.15951858,,6.128
YXFVVABEGXRONW-UHFFFAOYSA-N,0.04660174,-0.13495523,,2.082
OQEINIBVOPRVOG-UHFFFAOYSA-N,0.07355385,-0.16417642,,8.599
HVTICUPFWKNHNG-UHFFFAOYSA-N,0.065525904,-0.051435795,,2.0
WDGYPUOJGIEZMO-CSKARUKUSA-N,0.09922722,-0.22220567,,7.083
KRZCOLNOCZKSDF-UHFFFAOYSA-N,0.10374947,-0.095504865,,4.348
XDELKSRGBLWMBA-UHFFFAOYSA-N,0.08534192,-0.100885004,,6.1
ANGGPYSFTXVERY-UHFFFAOYSA-N,0.060803615,-0.08677973,,2.3
SQNZJJAZBFDUTD-UHFFFAOYSA-N,0.037602097,-0.12611571,,2.711
IMNDHOCGZLYMRO-UHFFFAOYSA-N,0.0673462,-0.19184318,,8.016
NEKCOKJRDOPRSK-UHFFFAOYSA-N,0.07280904,-0.12667245,,6.304
AOPDRZXCEAKHHW-UHFFFAOYSA-N,0.042440824,-0.1720205,,5.356
JLTDJTHDQAWBAV-UHFFFAOYSA-N,0.059578173,-0.15013655,,4.233
CGHIBGNXEGJPQZ-UHFFFAOYSA-N,0.05262617,-0.08034027,,2.369
KXKVLQRXCPHEJC-UHFFFAOYSA-N,0.07407736,-0.15467998,,4.738
UWKQJZCTQGMHKD-UHFFFAOYSA-N,0.047183663,-0.15015313,,1.862
GSCLMSFRWBPUSK-VKHMYHEASA-N,0.09992491,-0.14056998,,5.217
XZIAFENWXIQIKR-UHFFFAOYSA-N,0.07742021,-0.14414114,,4.795
BEZDDPMMPIDMGJ-UHFFFAOYSA-N,0.037459668,-0.12322536,,2.781
PKAHQJNJPDVTDP-UHFFFAOYSA-N,0.06968126,-0.1575609,,5.55
VHFUHRXYRYWELT-UHFFFAOYSA-N,0.10098868,-0.11153814,,3.306
OLJVAWRLTPGYQL-DTJXOCLSSA-N,0.058485657,-0.1813392,,4.462
NCYVXEGFNDZQCU-UHFFFAOYSA-N,0.08064744,-0.18312031,,7.674
UHOVQNZJYSORNB-UHFFFAOYSA-N,0.0480634,-0.13681453,,2.124
STSCVKRWJPWALQ-UHFFFAOYSA-N,0.10613616,-0.10477434,,3.24
XDJAAZYHCCRJOK-UHFFFAOYSA-N,0.097019434,-0.09387226,,5.217
GPRYKVSEZCQIHD-UHFFFAOYSA-N,0.108457,-0.16811816,,6.395
ROUYUBHVBIKMQO-UHFFFAOYSA-N,0.074257866,-0.037983235,,2.0
HUMNYLRZRPPJDN-UHFFFAOYSA-N,0.099375635,-0.14514871,,4.795
AATNZNJRDOVKDD-UHFFFAOYSA-N,0.081256986,-0.22192155,,9.172
DKPFZGUDAPQIHT-UHFFFAOYSA-N,0.0704937,-0.15866175,,5.572
AHHWIHXENZJRFG-UHFFFAOYSA-N,0.059127077,-0.16364568,,6.083
DXVVZIGSMCTRDV-UHFFFAOYSA-N,0.10702133,-0.24514636,,8.861
HZCDANOFLILNSA-UHFFFAOYSA-N,0.14896864,-0.22336607,,8.032
OZNXTQSXSHODFR-CHIWXEEVSA-N,0.042251557,-0.103846945,,2.662
PWRBCZZQRRPXAB-UHFFFAOYSA-N,0.08495824,-0.09620666,,5.972
FVSKHRXBFJPNKK-UHFFFAOYSA-N,0.08239484,-0.09631708,,5.195
AQNQQHJNRPDOQV-UHFFFAOYSA-N,0.05216611,-0.09890698,,2.506
RVAQSYWDOSHWGP-UHFFFAOYSA-N,0.10103451,-0.16814272,,7.268
KFZMGEQAYNKOFK-UHFFFAOYSA-N,0.07390015,-0.16377178,,5.459
PSHKMPUSSFXUIA-UHFFFAOYSA-N,0.0666291,-0.14548409,,6.639
FZWLAAWBMGSTSO-UHFFFAOYSA-N,0.089748256,-0.100830466,,7.283
KJDRSWPQXHESDQ-UHFFFAOYSA-N,0.07836431,-0.07075207,,2.018
BIPUHAHGLJKIPK-UHFFFAOYSA-N,0.06424191,-0.16144858,,6.083
NSWLMOHUXYULKL-UHFFFAOYSA-N,0.08979416,-0.1743615,,6.983
SWIMPUZQSVMCCL-UHFFFAOYSA-N,0.073348045,-0.2047046,,8.594
FEWLNYSYJNLUOO-UHFFFAOYSA-N,0.09184526,-0.1844852,,7.661
XACSJLKCXDEIPX-UHFFFAOYSA-N,0.09730348,-0.1594626,,7.283
BSKHPKMHTQYZBB-UHFFFAOYSA-N,0.063755006,-0.12542516,,7.57
YVBMXGVGOLXFFS-UHFFFAOYSA-N,0.07909647,-0.15999958,,6.35
BWZVCCNYKMEVEX-UHFFFAOYSA-N,0.04967337,-0.13584279,,8.15
VFTFKUDGYRBSAL-UHFFFAOYSA-N,0.076009095,-0.14661598,,5.55
VCHOFVSNWYPAEF-UHFFFAOYSA-N,0.11561218,-0.14062028,,5.639
SMZHKGXSEAGRTI-UHFFFAOYSA-N,0.10016694,-0.101626165,,3.062
YEJRWHAVMIAJKC-UHFFFAOYSA-N,0.09324998,-0.15914696,,5.995
RENMDAKOXSCIGH-UHFFFAOYSA-N,0.1256558,-0.06706198,,3.928
NVPICXQHSYQKGM-UHFFFAOYSA-N,0.06059803,-0.11282053,,6.572
BGJSXRVXTHVRSN-UHFFFAOYSA-N,0.09561662,-0.20738746,,3.106
KWOLFJPFCHCOCG-UHFFFAOYSA-N,0.082782425,-0.15433232,,5.528
WFDIJRYMOXRFFG-UHFFFAOYSA-N,0.089655116,-0.13239628,,6.399
IRNRNPNZAKHEAW-UHFFFAOYSA-N,0.09845015,-0.13689573,,4.528
NYYLZXREFNYPKB-UHFFFAOYSA-N,0.08310272,-0.21867348,,9.112
VJXRKZJMGVSXPX-UHFFFAOYSA-N,0.062198073,-0.13028306,,7.661
CSVFWMMPUJDVKH-UHFFFAOYSA-N,0.08752903,-0.11306256,,3.617
OUMGIYIBWRLOAF-UHFFFAOYSA-N,0.06615219,-0.1429438,,6.172
UWHSPZZUAYSGTB-UHFFFAOYSA-N,0.08216883,-0.19858462,,8.461
FKNQCJSGGFJEIZ-UHFFFAOYSA-N,0.063495725,-0.12549922,,7.661
ATHHXGZTWNVVOU-UHFFFAOYSA-N,0.11533086,-0.1764785,,7.417
HHEIMYAXCOIQCJ-UHFFFAOYSA-N,0.05394993,-0.16690882,,5.373
KJPRLNWUNMBNBZ-QPJJXVBHSA-N,0.09606005,-0.15167204,,5.572
YRHRIQCWCFGUEQ-UHFFFAOYSA-N,0.0751968,-0.14518516,,5.684
SMBILOIZRKUZPE-UHFFFAOYSA-N,0.08455611,-0.17022136,,8.125
WEHWNAOGRSTTBQ-UHFFFAOYSA-N,0.0314392,-0.13969082,,7.931
RAXXELZNTBOGNW-UHFFFAOYSA-N,0.12555878,-0.13560873,,8.55
KMAQZIILEGKYQZ-UHFFFAOYSA-N,0.1057964,-0.119027704,,3.351
VVJKKWFAADXIJK-UHFFFAOYSA-N,0.04832536,-0.110696316,,7.372
KYQCOXFCLRTKLS-UHFFFAOYSA-N,0.08541862,-0.112435594,,5.106
SYEXGNJRYPOUSI-UHFFFAOYSA-N,0.060897596,-0.16905978,,5.42
DCNUQRBLZWSGAV-UHFFFAOYSA-N,0.104057744,-0.16122949,,6.195
OPXCUUJACRRYMC-UHFFFAOYSA-N,0.094611764,-0.18816876,,5.328
JLGPMOJYECOCEP-UHFFFAOYSA-N,0.18283422,-0.1780663,,4.573
ZNSMNVMLTJELDZ-UHFFFAOYSA-N,0.07926246,-0.11166662,,2.995
TZIHFWKZFHZASV-UHFFFAOYSA-N,0.1139115,-0.14335021,,4.517
YLQWCDOCJODRMT-UHFFFAOYSA-N,0.07805244,-0.13941023,,5.484
NVJBFARDFTXOTO-UHFFFAOYSA-N,0.20034155,-0.18792838,,4.897
MPPPKRYCTPRNTB-UHFFFAOYSA-N,0.0650375,-0.06558539,,2.307
AUFIRGPROMANKW-UHFFFAOYSA-N,0.037893288,-0.1745536,,7.461
MXHTZQSKTCCMFG-UHFFFAOYSA-N,0.056507297,-0.13627082,,3.79
UGEJOEBBMPOJMT-UHFFFAOYSA-N,0.1405643,-0.07313682,,2.266
CYNYIHKIEHGYOZ-UHFFFAOYSA-N,0.061737664,-0.0651419,,2.218
JLNGEXDJAQASHD-UHFFFAOYSA-N,0.06250621,-0.19336405,,7.832
WPYMKLBDIGXBTP-UHFFFAOYSA-N,0.10117285,-0.14629966,,4.944
URAYPUMNDPQOKB-UHFFFAOYSA-N,0.10076136,-0.15730903,,4.928
CTQNGGLPUBDAKN-UHFFFAOYSA-N,0.043448385,-0.13317014,,2.287
JAMNHZBIQDNHMM-UHFFFAOYSA-N,0.059527487,-0.100222245,,5.261
FHUODBDRWMIBQP-UHFFFAOYSA-N,0.08949303,-0.16251774,,5.572
RYHBNJHYFVUHQT-UHFFFAOYSA-N,0.06837131,-0.13726401,,4.684
BEUGBYXJXMVRFO-UHFFFAOYSA-N,0.07775981,-0.16894317,,6.972
LYDRKKWPKKEMNZ-UHFFFAOYSA-N,0.06579307,-0.15709656,,5.217
VSUGUKXAAPOFPQ-UHFFFAOYSA-N,0.0600221,-0.11385332,,6.3
AQEFLFZSWDEAIP-UHFFFAOYSA-N,0.046647526,-0.18207328,,4.728
NOFXHGGTQGRTTJ-UHFFFAOYSA-N,0.08492193,-0.16934092,,7.439
HPNMFZURTQLUMO-UHFFFAOYSA-N,0.035088424,-0.14101791,,7.872
IMNIMPAHZVJRPE-UHFFFAOYSA-N,0.034440532,-0.11783089,,8.923
DHYHYLGCQVVLOQ-UHFFFAOYSA-N,0.10210045,-0.10141982,,3.437
ITQTTZVARXURQS-UHFFFAOYSA-N,0.06388963,-0.12683028,,7.505
IYIAWAACGTUPCC-UHFFFAOYSA-N,0.08735297,-0.20553659,,6.328
POLCUAVZOMRGSN-UHFFFAOYSA-N,0.039858464,-0.16936745,,5.195
AIMREYQYBFBEGQ-UHFFFAOYSA-N,0.07905671,-0.14165542,,3.995
KYEACNNYFNZCST-UHFFFAOYSA-N,0.09250696,-0.13719934,,6.083
JXTGICXCHWMCPM-VIFPVBQESA-N,0.18659553,-0.22827452,,7.828
PPMDSXRMQXBCJW-UHFFFAOYSA-N,0.08517811,-0.2333405,,9.098
UMPRJGKLMUDRHL-UHFFFAOYSA-N,0.07398194,-0.14666557,,5.017
MJWNJEJCQHNDNM-UHFFFAOYSA-N,0.18281595,-0.23014791,,7.77
UQEAIHBTYFGYIE-UHFFFAOYSA-N,0.030189391,-0.073458776,,1.884
KYVBNYUBXIEUFW-UHFFFAOYSA-N,0.05154833,-0.15959258,,10.19
WPGHPGAUFIJVJF-UHFFFAOYSA-N,0.08720244,-0.075945094,,4.95
ADSOSINJPNKUJK-UHFFFAOYSA-N,0.062222905,-0.13112381,,7.239
QPKDBLGFWZSDSB-UHFFFAOYSA-N,0.08548966,-0.1825754,,4.899
ATVJXMYDOSMEPO-UHFFFAOYSA-N,0.0687885,-0.14827543,,4.617
FUNXVDFRBZQHKX-UHFFFAOYSA-N,0.10011638,-0.15226606,,6.324
MVPPADPHJFYWMZ-UHFFFAOYSA-N,0.067167625,-0.1023586,,1.753
RTZKZFJDLAIYFH-UHFFFAOYSA-N,0.0495601,-0.18295057,,5.306
RLVGHTRVYWUWSH-UHFFFAOYSA-N,0.08544338,-0.19883126,,7.728
YTPLMLYBLZKORZ-UHFFFAOYSA-N,0.057261407,-0.11114709,,2.242
NBBZMDUHKWRYSZ-UHFFFAOYSA-N,0.10252943,-0.17785843,,4.528
CHSPMZWZNFDUDE-UHFFFAOYSA-N,0.11055136,-0.24479301,,9.505
LYGJENNIWJXYER-UHFFFAOYSA-N,0.115768865,-0.119933784,,3.662
RIOQSEWOXXDEQQ-UHFFFAOYSA-N,0.069386125,-0.15339506,,5.52
JSDBKAHWADVXFU-UHFFFAOYSA-N,0.13031578,-0.15342784,,6.972
VKYKSIONXSXAKP-UHFFFAOYSA-N,0.044991955,-0.11716297,,6.017
ISXOBTBCNRIIQO-UHFFFAOYSA-N,0.16459115,-0.23993957,,8.554
NAIVIVMHCDWBEF-UHFFFAOYSA-N,0.09949853,-0.14875206,,6.517
BGTOWKSIORTVQH-UHFFFAOYSA-N,0.05638048,-0.15843885,,5.884
ICSNLGPSRYBMBD-UHFFFAOYSA-N,0.097716,-0.1297394,,7.772
YFTHZRPMJXBUME-UHFFFAOYSA-N,0.027859736,-0.14560495,,6.628
VZXXYILNWWRSGE-OCAPTIKFSA-N,0.05776521,-0.16304831,,5.439
PDLCCNYKIIUWHA-UHFFFAOYSA-N,0.077311516,-0.16063184,,5.75
ODHXBMXNKOYIBV-UHFFFAOYSA-N,0.051936485,-0.11370509,,3.608
FGLBSLMDCBOPQK-UHFFFAOYSA-N,0.10208538,-0.13436036,,3.973
BAPJBEWLBFYGME-UHFFFAOYSA-N,0.07898873,-0.15316695,,4.719
UBUCNCOMADRQHX-UHFFFAOYSA-N,0.0716874,-0.1353348,,4.306
RNVCVTLRINQCPJ-UHFFFAOYSA-N,0.07733421,-0.13490622,,4.532
XSAYZAUNJMRRIR-UHFFFAOYSA-N,0.08285283,-0.15438327,,5.572
WFCLYEAZTHWNEH-UHFFFAOYSA-N,0.082234174,-0.082223624,,4.388
PBMFSQRYOILNGV-UHFFFAOYSA-N,0.08126398,-0.119117126,,6.728
QTPJMTACJMLPLL-UHFFFAOYSA-N,0.08171576,-0.20412745,,4.65
BWLUMTFWVZZZND-UHFFFAOYSA-N,0.05659703,-0.1394095,,6.268
YNQLUTRBYVCPMQ-UHFFFAOYSA-N,0.044937894,-0.13957888,,2.163
NOLVABYTFMDREN-ZETCQYMHSA-N,0.054456808,-0.09810589,,7.439
YNPNZTXNASCQKK-UHFFFAOYSA-N,0.06985962,-0.11904841,,2.86
MGYMHQJELJYRQS-VHSXEESVSA-N,0.057822388,-0.17948689,,5.106
RDOWQLZANAYVLL-UHFFFAOYSA-N,0.08025463,-0.11690721,,7.217
YQYGPGKTNQNXMH-UHFFFAOYSA-N,0.12290202,-0.11900361,,4.595
QDDLRYYYCREGPC-DTJXOCLSSA-N,0.051807858,-0.19210565,,6.261
STZZWJCGRKXEFF-UHFFFAOYSA-N,0.13366635,-0.04534497,,3.399
UUWJBXKHMMQDED-UHFFFAOYSA-N,0.09218037,-0.14023207,,4.884
PAMJENUKCYUKLC-UHFFFAOYSA-N,0.08332871,-0.14114417,,6.9
XWEFKJNJSVXMOD-UHFFFAOYSA-N,0.074302986,-0.13553242,,8.794
DZBUGLKDJFMEHC-UHFFFAOYSA-N,0.06913394,-0.122313604,,7.394
NYPYPOZNGOXYSU-UHFFFAOYSA-N,0.08742565,-0.09378232,,5.972
DSWNRHCOGVRDOE-ONEGZZNKSA-N,0.06482539,-0.14535646,,10.03
OXHNLMTVIGZXSG-UHFFFAOYSA-N,0.080709465,-0.155688,,3.646
SCYULBFZEHDVBN-UHFFFAOYSA-N,0.09641327,-0.06459475,,1.462
WGQKYBSKWIADBV-UHFFFAOYSA-N,0.050412003,-0.13352837,,7.24
JWVCLYRUEFBMGU-UHFFFAOYSA-N,0.09147356,-0.11140088,,6.506
VQGHOUODWALEFC-UHFFFAOYSA-N,0.069018885,-0.12582973,,6.239
XFNJVJPLKCPIBV-UHFFFAOYSA-N,0.048711754,-0.114244975,,8.883
AVPYQKSLYISFPO-UHFFFAOYSA-N,0.11544038,-0.13292433,,4.462
JEDHEXUPBRMUMB-UHFFFAOYSA-N,0.0717958,-0.14646429,,8.461
QAUUDNIGJSLPSX-UHFFFAOYSA-N,0.11283689,-0.13410051,,3.8
JUNNTRSMCCUKGG-UHFFFAOYSA-N,0.09780585,-0.19663039,,6.017
LCGLNKUTAGEVQW-UHFFFAOYSA-N,0.05062449,-0.15048748,,5.077
URLKBWYHVLBVBO-UHFFFAOYSA-N,0.042811744,-0.1321631,,2.458
INQOMBQAUSQDDS-UHFFFAOYSA-N,0.06520647,-0.0377416,,2.0
VMOIPIVQHVFUFO-UHFFFAOYSA-N,0.10140424,-0.14329278,,4.795
LNDJVIYUJOJFSO-UHFFFAOYSA-N,0.12302086,-0.062835015,,3.728
JXTGICXCHWMCPM-UHFFFAOYSA-N,0.18631011,-0.22820412,,7.8
ZUOUZKKEUPVFJK-UHFFFAOYSA-N,0.051231354,-0.12479803,,2.678
XTHFKEDIFFGKHM-UHFFFAOYSA-N,0.055948406,-0.14286745,,5.328
UHNHTTIUNATJKL-UHFFFAOYSA-N,0.15492487,-0.20546031,,5.852
LKNQXZAHNDFIQY-UHFFFAOYSA-N,0.10184642,-0.19154862,,5.995
UEALYGMEMQDEMQ-UHFFFAOYSA-N,0.086884044,-0.20147711,,7.039
KKHBRTFQIYIHEI-UHFFFAOYSA-N,0.12483199,-0.14517489,,7.083
BLKXLEPPVDUHBY-UHFFFAOYSA-N,0.13053069,-0.22269553,,8.59
JYYNAJVZFGKDEQ-UHFFFAOYSA-N,0.05887074,-0.12711687,,7.25
JIRGTCBOQAJBHY-UHFFFAOYSA-N,0.07286958,-0.17318147,,6.95
JVZRCNQLWOELDU-UHFFFAOYSA-N,0.06794456,-0.11849935,,7.417
HCFAJYNVAYBARA-UHFFFAOYSA-N,0.068055116,-0.15928048,,5.595
UCCTWLQOBSQILV-UHFFFAOYSA-N,0.07722458,-0.15783417,,7.783
GBCKRQRXNXQQPW-UHFFFAOYSA-N,0.04036224,-0.14815369,,7.328
DAZXVJBJRMWXJP-UHFFFAOYSA-N,0.03518454,-0.13783234,,7.883
IKHGUXGNUITLKF-UHFFFAOYSA-N,0.10224464,-0.14942878,,4.506
VZGDMQKNWNREIO-UHFFFAOYSA-N,0.016577175,-0.0043659555,,0.618
WEEGYLXZBRQIMU-WAAGHKOSSA-N,0.03956318,-0.18814635,,6.128
LNMBCRKRCIMQLW-UHFFFAOYSA-N,0.04253556,-0.12220296,,3.562
BXRFQSNOROATLV-UHFFFAOYSA-N,0.14358002,-0.116282985,,3.862
SYBYTAAJFKOIEJ-UHFFFAOYSA-N,0.071793586,-0.16155085,,5.634
