CTSZPNIMMLSKDV-UHFFFAOYSA-N,0.036362316,-0.09977713
BBLDTXFLAHKYFJ-UHFFFAOYSA-N,0.025172243,-0.11727452
DMBHHRLKUKUOEG-UHFFFAOYSA-N,0.08381016,-0.11454868
FGLBSLMDCBOPQK-UHFFFAOYSA-N,0.08789693,-0.123945296
WCFDSGHAIGTEKL-UHFFFAOYSA-N,0.16168186,-0.17331737
WFJXYIUAMJAURQ-UHFFFAOYSA-N,0.23912853,-0.21844792
SBYHFKPVCBCYGV-UHFFFAOYSA-N,0.020905918,-0.07676235
XHNTVKASLQLNFM-UHFFFAOYSA-N,0.06256584,-0.13315973
KBEBGUQPQBELIU-CMDGGOBGSA-N,0.06896723,-0.1207998
PWRBCZZQRRPXAB-UHFFFAOYSA-N,0.072182,-0.10180878
CQQUWTMMFMJEFE-UHFFFAOYSA-N,0.06778333,-0.12747087
PMDCZENCAXMSOU-UHFFFAOYSA-N,0.08129199,-0.13449225
AKQWEDMTPCAESO-UHFFFAOYSA-N,0.0684789,-0.11049257
RAXXELZNTBOGNW-UHFFFAOYSA-N,0.1106174,-0.12574506
XTHFKEDIFFGKHM-UHFFFAOYSA-N,0.041910082,-0.08928924
RKSOPLXZQNSWAS-UHFFFAOYSA-N,0.026240118,-0.03980425
YFKBXYGUSOXJGS-UHFFFAOYSA-N,0.06324129,-0.13726804
MVUMJYQUKKUOHO-AATRIKPKSA-N,0.07256408,-0.14314549
HBNYJWAFDZLWRS-UHFFFAOYSA-N,0.059079617,-0.10743682
LZDKZFUFMNSQCJ-UHFFFAOYSA-N,0.028894663,-0.099971354
PERWAYOEWJEJNO-UHFFFAOYSA-N,0.09457199,-0.11686154
FKRCODPIKNYEAC-UHFFFAOYSA-N,0.053499933,-0.12193935
VPYJNCGUESNPMV-UHFFFAOYSA-N,0.03649825,-0.09955131
ATVJXMYDOSMEPO-UHFFFAOYSA-N,0.035806045,-0.097609416
ZCQWOFVYLHDMMC-UHFFFAOYSA-N,0.10110156,-0.09781563
QWPYVYJPIHGYGX-RZIOALPKSA-N,0.06310965,-0.12408654
KJPRLNWUNMBNBZ-QPJJXVBHSA-N,0.06779108,-0.10186312
PKZJLOCLABXVMC-UHFFFAOYSA-N,0.071523055,-0.10467446
GPRYKVSEZCQIHD-UHFFFAOYSA-N,0.088743314,-0.112327695
GSCLMSFRWBPUSK-VKHMYHEASA-N,0.075446285,-0.10795368
VZXXYILNWWRSGE-UHFFFAOYSA-N,0.03558723,-0.108861394
PAPBSGBWRJIAAV-UHFFFAOYSA-N,0.06440131,-0.13431567
OOLOYCGJRJFTPM-UHFFFAOYSA-N,0.06679611,-0.067310736
URLKBWYHVLBVBO-UHFFFAOYSA-N,0.03989097,-0.13064963
ZWAJLVLEBYIOTI-OLQVQODUSA-N,0.04837112,-0.11216066
ZWXPDGCFMMFNRW-UHFFFAOYSA-N,0.047417134,-0.13982771
KYVBNYUBXIEUFW-UHFFFAOYSA-N,0.038804792,-0.10791386
JUNNTRSMCCUKGG-UHFFFAOYSA-N,0.08061501,-0.12884091
YMWUJEATGCHHMB-UHFFFAOYSA-N,0.07718052,-0.037805762
OSOIQJGOYGSIMF-UHFFFAOYSA-N,0.040694274,-0.10922724
XQAACMFZWHCPPN-UHFFFAOYSA-N,0.061855316,-0.12643139
LYCAIKOWRPUZTN-UHFFFAOYSA-N,0.06577555,-0.07702719
VAYTZRYEBVHVLE-UHFFFAOYSA-N,0.1254517,-0.09406085
PYLWMHQQBFSUBP-UHFFFAOYSA-N,0.0600227,-0.093296856
XEZNGIUYQVAUSS-UHFFFAOYSA-N,0.053364247,-0.11116425
ZRLDBDZSLLGDOX-UHFFFAOYSA-N,0.056430094,-0.12767461
XFNJVJPLKCPIBV-UHFFFAOYSA-N,0.03662654,-0.06910108
ZMXDDKWLCZADIW-UHFFFAOYSA-N,0.084596395,-0.12918472
XTGOWLIKIQLYRG-UHFFFAOYSA-N,0.04993143,-0.017589176
HVTICUPFWKNHNG-UHFFFAOYSA-N,0.019848943,-0.041820645
GNKZMNRKLCTJAY-UHFFFAOYSA-N,0.06954851,-0.109440625
IWJMFKRJGSKMBW-SHRKTGAESA-N,0.14184275,-0.23621142
ZNSMNVMLTJELDZ-UHFFFAOYSA-N,0.046145894,-0.06724332
RFVHVYKVRGKLNK-UHFFFAOYSA-N,0.06505659,-0.107739195
WGQKYBSKWIADBV-UHFFFAOYSA-N,0.04530658,-0.12548585
DSSYKIVIOFKYAU-XCBNKYQSSA-N,0.041499693,-0.10666525
AZQWKYJCGOJGHM-UHFFFAOYSA-N,0.07503386,-0.0726708
JAMNHZBIQDNHMM-UHFFFAOYSA-N,0.041412942,-0.069526784
QQZOPKMRPOGIEB-UHFFFAOYSA-N,0.04936746,-0.10712597
DAZXVJBJRMWXJP-UHFFFAOYSA-N,0.023242828,-0.09838636
BEZDDPMMPIDMGJ-UHFFFAOYSA-N,0.034818713,-0.13755564
VHFUHRXYRYWELT-UHFFFAOYSA-N,0.07588332,-0.089032955
LSXWFXONGKSEMY-UHFFFAOYSA-N,0.02612726,-0.11754197
NAQMVNRVTILPCV-UHFFFAOYSA-N,0.033779137,-0.078051865
SCYULBFZEHDVBN-UHFFFAOYSA-N,0.0667233,-0.04603589
POLCUAVZOMRGSN-UHFFFAOYSA-N,0.020931702,-0.10520301
NUKYPUAOHBNCPY-UHFFFAOYSA-N,0.09105022,-0.12325555
HWWYDZCSSYKIAD-UHFFFAOYSA-N,0.05521909,-0.12438765
NBRKLOOSMBRFMH-UHFFFAOYSA-N,0.032605495,-0.05891394
VMOIPIVQHVFUFO-UHFFFAOYSA-N,0.07629239,-0.10288002
FYHIXFCITOCVKH-UHFFFAOYSA-N,0.05785566,-0.11370005
MCSAJNNLRCFZED-UHFFFAOYSA-N,0.10134127,-0.11951476
LCZUOKDVTBMCMX-UHFFFAOYSA-N,0.06400466,-0.121079825
ODKLEQPZOCJQMT-UHFFFAOYSA-N,0.050485328,-0.13350311
IOQPZZOEVPZRBK-UHFFFAOYSA-N,0.03284858,-0.07935484
DKNWSYNQZKUICI-CHIWXEEVSA-N,0.02539698,-0.080197856
ZAFNJMIOTHYJRJ-UHFFFAOYSA-N,0.022341056,-0.113615505
HVCFCNAITDHQFX-UHFFFAOYSA-N,0.048353836,-0.10959737
JJWLVOIRVHMVIS-UHFFFAOYSA-N,0.028522134,-0.08766683
OLJDIRLJSRSJNR-UHFFFAOYSA-N,0.075786926,-0.07800916
IVSZLXZYQVIEFR-UHFFFAOYSA-N,0.041068483,-0.1308859
ODHXBMXNKOYIBV-UHFFFAOYSA-N,0.047301587,-0.10735898
UMURLIQHQSKULR-UHFFFAOYSA-N,0.100605294,-0.09763121
LRHPLDYGYMQRHN-UHFFFAOYSA-N,0.050645195,-0.08681908
UMFJAHHVKNCGLG-UHFFFAOYSA-N,0.07140615,-0.110565156
VNXYDFNVQBICRO-UHFFFAOYSA-N,0.118399985,-0.052518427
NSWLMOHUXYULKL-UHFFFAOYSA-N,0.06873678,-0.12469271
MTJVUMGKHCIMJL-UHFFFAOYSA-N,0.05473873,-0.13668679
PCNDJXKNXGMECE-UHFFFAOYSA-N,0.06367053,-0.1200055
MHDVGSVTJDSBDK-UHFFFAOYSA-N,0.049685962,-0.12591627
LNDJVIYUJOJFSO-UHFFFAOYSA-N,0.13123544,-0.04544197
FJKIXWOMBXYWOQ-UHFFFAOYSA-N,0.053131983,-0.107222006
JMVIVASFFKKFQK-UHFFFAOYSA-N,0.06344787,-0.12356507
UYFJYGWNYQCHOB-UHFFFAOYSA-N,0.067178935,-0.113069825
BYEAHWXPCBROCE-UHFFFAOYSA-N,0.14225638,-0.03315611
VJPAMLCBTIWAHI-UHFFFAOYSA-N,0.07678984,-0.113920346
MCTWTZJPVLRJOU-UHFFFAOYSA-N,0.08164242,-0.1393591
STSCVKRWJPWALQ-UHFFFAOYSA-N,0.08203574,-0.076207206
FKNQCJSGGFJEIZ-UHFFFAOYSA-N,0.057517968,-0.1209385
RWCCWEUUXYIKHB-UHFFFAOYSA-N,0.059342556,-0.11080387
HJOVHMDZYOCNQW-UHFFFAOYSA-N,0.045781653,-0.11469014
KRZCOLNOCZKSDF-UHFFFAOYSA-N,0.09371355,-0.09720635
LFQSCWFLJHTTHZ-UHFFFAOYSA-N,0.05510889,-0.09595852
ZQWPRMPSCMSAJU-UHFFFAOYSA-N,0.048906386,-0.12251212
QSACPWSIIRFHHR-UHFFFAOYSA-N,0.06447348,-0.093978815
RYHBNJHYFVUHQT-UHFFFAOYSA-N,0.050176803,-0.088661715
HPNMFZURTQLUMO-UHFFFAOYSA-N,0.021412626,-0.090957604
IKHGUXGNUITLKF-UHFFFAOYSA-N,0.06919865,-0.10047248
BLXSFCHWMBESKV-UHFFFAOYSA-N,0.018394953,-0.042405285
GEOWCLRLLWTHDN-UHFFFAOYSA-N,0.11808348,-0.10783825
OFCCYDUUBNUJIB-UHFFFAOYSA-N,0.06339824,-0.11310434
MZBIWKMCTWJLPT-UHFFFAOYSA-N,0.18829653,-0.230243
QSJXEFYPDANLFS-UHFFFAOYSA-N,0.04820165,-0.07808354
SELYJABLPLKXOY-UHFFFAOYSA-N,0.052956868,-0.13657542
PWXRDOSRCIGJDM-UHFFFAOYSA-N,0.018172173,-0.046104047
JYMNQRQQBJIMCV-UHFFFAOYSA-N,0.06715058,-0.10030475
STZZWJCGRKXEFF-UHFFFAOYSA-N,0.10205379,-0.042221934
MTZQAGJQAFMTAQ-UHFFFAOYSA-N,0.06447852,-0.11837244
YXFVVABEGXRONW-UHFFFAOYSA-N,0.042330474,-0.12796755
BDERNNFJNOPAEC-UHFFFAOYSA-N,0.054683477,-0.09610264
JACMPVXHEARCBO-UHFFFAOYSA-N,0.025426561,-0.092162274
PHWISQNXPLXQRU-UHFFFAOYSA-N,0.06919661,-0.07414306
XZMCDFZZKTWFGF-UHFFFAOYSA-N,0.10373698,-0.06239916
KBVQJEKAHKMCID-FNORWQNLSA-N,0.07236872,-0.14266957
QARVLSVVCXYDNA-UHFFFAOYSA-N,0.055400506,-0.12486109
ARKIFHPFTHVKDT-UHFFFAOYSA-N,0.09775132,-0.10573824
WRMNZCZEMHIOCP-UHFFFAOYSA-N,0.058683753,-0.11860113
JEDHEXUPBRMUMB-UHFFFAOYSA-N,0.05532578,-0.13337877
BXRFQSNOROATLV-UHFFFAOYSA-N,0.11755858,-0.104218856
RHMPLDJJXGPMEX-UHFFFAOYSA-N,0.09587927,-0.077867344
FTAHXMZRJCZXDL-UHFFFAOYSA-N,0.03673605,-0.12509927
WXEHBUMAEPOYKP-UHFFFAOYSA-N,0.026869774,-0.04096137
LDLCZOVUSADOIV-UHFFFAOYSA-N,0.06371111,-0.074632265
VZGDMQKNWNREIO-UHFFFAOYSA-N,0.0032880947,-0.0008857616
JXQGICFGPUAVLJ-UHFFFAOYSA-N,0.087015904,-0.12955207
VCYZVXRKYPKDQB-UHFFFAOYSA-N,0.09345791,-0.10640262
NWPWRAWAUYIELB-UHFFFAOYSA-N,0.058990087,-0.12045705
RGWHHWWMFUXNAX-ICWSVDNISA-N,0.025428608,-0.111514285
UGEJOEBBMPOJMT-UHFFFAOYSA-N,0.105168715,-0.07047557
MXHTZQSKTCCMFG-UHFFFAOYSA-N,0.048870876,-0.12972511
VVIAWLIDZAXESO-UHFFFAOYSA-N,0.049129054,-0.13384937
WYACBZDAHNBPPB-UHFFFAOYSA-N,0.05188213,-0.09533554
CHSPMZWZNFDUDE-UHFFFAOYSA-N,0.120917946,-0.22579789
VCHOFVSNWYPAEF-UHFFFAOYSA-N,0.097244225,-0.092756346
CYFPVACSJLXVCA-UHFFFAOYSA-N,0.076844245,-0.1268381
VVJKKWFAADXIJK-UHFFFAOYSA-N,0.036807775,-0.07153277
FXHOOIRPVKKKFG-UHFFFAOYSA-N,0.06279744,-0.13537155
CPWSNJSGSXXVLD-CHIWXEEVSA-N,0.02834959,-0.07959537
BULLHNJGPPOUOX-UHFFFAOYSA-N,0.06327061,-0.09152314
ZZTSQZQUWBFTAT-UHFFFAOYSA-N,0.054024227,-0.09078572
WJYIASZWHGOTOU-UHFFFAOYSA-N,0.03260053,-0.07922669
USIUVYZYUHIAEV-UHFFFAOYSA-N,0.0541263,-0.113229856
RFFFKMOABOFIDF-UHFFFAOYSA-N,0.062894925,-0.06790604
VEZXCJBBBCKRPI-UHFFFAOYSA-N,0.081441075,-0.1032712
JCMZZYSPSGHBNM-UHFFFAOYSA-N,0.063811064,-0.11659061
JNAKRDAEBSBJGO-UHFFFAOYSA-N,0.047666002,-0.12787956
YYVYAPXYZVYDHN-UHFFFAOYSA-N,0.09138778,-0.09985434
OUMGIYIBWRLOAF-UHFFFAOYSA-N,0.057712153,-0.1272625
OKDGRDCXVWSXDC-UHFFFAOYSA-N,0.07375717,-0.10015114
HHEIMYAXCOIQCJ-UHFFFAOYSA-N,0.03486997,-0.124676906
MZBUJUWHEHJJKJ-UHFFFAOYSA-N,0.06976469,-0.13256843
LFSAPCRASZRSKS-LURJTMIESA-N,0.038585667,-0.10882552
YLQBMQCUIZJEEH-UHFFFAOYSA-N,0.07535396,-0.11221989
TZIHFWKZFHZASV-UHFFFAOYSA-N,0.10774154,-0.11151481
XACSJLKCXDEIPX-UHFFFAOYSA-N,0.09559601,-0.1076806
QVWDCTQRORVHHT-UHFFFAOYSA-N,0.0722116,-0.1170686
MVPPADPHJFYWMZ-UHFFFAOYSA-N,0.05705296,-0.1083062
SMWDFEZZVXVKRB-UHFFFAOYSA-N,0.06464718,-0.11789551
WFDIJRYMOXRFFG-UHFFFAOYSA-N,0.07667186,-0.109503716
GOBGVVAHHOUMDK-UHFFFAOYSA-N,0.030486679,-0.07689077
VLVCDUSVTXIWGW-UHFFFAOYSA-N,0.07653034,-0.15555212
XBNGYFFABRKICK-UHFFFAOYSA-N,0.109190665,-0.028541028
GUVUOGQBMYCBQP-UHFFFAOYSA-N,0.056525245,-0.14376056
PAFZNILMFXTMIY-UHFFFAOYSA-N,0.029383585,-0.073872566
XUVKSPPGPPFPQN-UHFFFAOYSA-N,0.07592207,-0.11300945
YVXHZKKCZYLQOP-UHFFFAOYSA-N,0.07755877,-0.08293271
OEPRBXUJOQLYID-UHFFFAOYSA-N,0.042515505,-0.07500047
MTPBUCCXRGSDCR-UHFFFAOYSA-N,0.053580232,-0.12944613
UCCTWLQOBSQILV-UHFFFAOYSA-N,0.05754102,-0.13800147
IWJMFKRJGSKMBW-UHFFFAOYSA-N,0.21433353,-0.21645981
PSHKMPUSSFXUIA-UHFFFAOYSA-N,0.05272024,-0.13155188
VQGHOUODWALEFC-UHFFFAOYSA-N,0.06173055,-0.11527074
BATDBURDIROQFJ-SOFGYWHQSA-N,0.06626031,-0.15672272
XBPPLECAZBTMMK-UHFFFAOYSA-N,0.072893225,-0.12299579
DVVGIUUJYPYENY-UHFFFAOYSA-N,0.09171147,-0.13352802
KAESVJOAVNADME-UHFFFAOYSA-N,0.10277419,-0.1373652
XZIAFENWXIQIKR-UHFFFAOYSA-N,0.066675976,-0.11173288
PPMDSXRMQXBCJW-UHFFFAOYSA-N,0.091299325,-0.24451439
DKGAVHZHDRPRBM-UHFFFAOYSA-N,0.04456214,-0.09706368
SRPCLECGIYMIMN-CSKARUKUSA-N,0.054159503,-0.13569722
UMPRJGKLMUDRHL-UHFFFAOYSA-N,0.07233322,-0.1097026
VQHPRVYDKRESCL-CHIWXEEVSA-N,0.026768308,-0.041640133
WEEGYLXZBRQIMU-UHFFFAOYSA-N,0.026569141,-0.11749315
IQZZFVDIZRWADY-UHFFFAOYSA-N,0.09799604,-0.11182979
VJNGGOMRUHYAMC-UHFFFAOYSA-N,0.07276158,-0.07152736
HZCDANOFLILNSA-UHFFFAOYSA-N,0.1929207,-0.23563284
LFSXCDWNBUNEEM-UHFFFAOYSA-N,0.07229227,-0.11043486
LKXYJYDRLBPHRS-UHFFFAOYSA-N,0.038344637,-0.06184712
PKAHQJNJPDVTDP-UHFFFAOYSA-N,0.05130867,-0.12179025
ISXOBTBCNRIIQO-UHFFFAOYSA-N,0.25045604,-0.22434539
GRTGGSXWHGKRSB-UHFFFAOYSA-N,0.08205597,-0.083597586
ICSNLGPSRYBMBD-UHFFFAOYSA-N,0.078005075,-0.12483837
RDOWQLZANAYVLL-UHFFFAOYSA-N,0.072391,-0.117146075
LNMBCRKRCIMQLW-UHFFFAOYSA-N,0.017782528,-0.11948417
OISVCGZHLKNMSJ-UHFFFAOYSA-N,0.048682686,-0.12854466
JIBRFXMUEQDPGO-UHFFFAOYSA-N,0.05431437,-0.12105584
WPGHPGAUFIJVJF-UHFFFAOYSA-N,0.07590357,-0.08879656
UUWJBXKHMMQDED-UHFFFAOYSA-N,0.077820174,-0.09492454
IGTWYMQBGKAFCF-VOTSOKGWSA-N,0.09772041,-0.15444419
HFZKOYWDLDYELC-UHFFFAOYSA-N,0.08221637,-0.121037036
ZRSNZINYAWTAHE-UHFFFAOYSA-N,0.07617199,-0.09997615
JVZRCNQLWOELDU-UHFFFAOYSA-N,0.061137043,-0.11272613
SEEYREPSKCQBBF-UHFFFAOYSA-N,0.09610051,-0.085660875
WSLDOOZREJYCGB-UHFFFAOYSA-N,0.06794557,-0.05128948
LRDFRRGEGBBSRN-UHFFFAOYSA-N,0.053412177,-0.06884147
HXJUTPCZVOIRIF-UHFFFAOYSA-N,0.1980936,-0.16697495
JWVCLYRUEFBMGU-UHFFFAOYSA-N,0.077262826,-0.11288382
QKZRSIWEFMDUIL-UHFFFAOYSA-N,0.062245443,-0.14703625
HLDBHWJNZHGZMV-LLVKDONJSA-N,0.26167512,-0.21244949
ROFVEXUMMXZLPA-UHFFFAOYSA-N,0.06328598,-0.11036424
FEWLNYSYJNLUOO-UHFFFAOYSA-N,0.08145755,-0.13065654
KFDVPJUYSDEJTH-UHFFFAOYSA-N,0.060104568,-0.11583692
XNBKKRFABABBPM-UHFFFAOYSA-N,0.067157745,-0.11040439
NUOGEPIJFRZXIN-UHFFFAOYSA-N,0.07222731,-0.1257348
WMOVHXAZOJBABW-UHFFFAOYSA-N,0.05567196,-0.1199424
PNPCRKVUWYDDST-UHFFFAOYSA-N,0.07910807,-0.11454454
JJYPMNFTHPTTDI-UHFFFAOYSA-N,0.06514441,-0.13336183
JIHQDMXYYFUGFV-UHFFFAOYSA-N,0.087768994,-0.088683255
RUOJZAUFBMNUDX-VKHMYHEASA-N,0.095722675,-0.10807027
PJGSXYOJTGTZAV-UHFFFAOYSA-N,0.046808377,-0.108707756
DSGZADFUTPZEMZ-UHFFFAOYSA-N,0.063007094,-0.12398013
OPXCUUJACRRYMC-UHFFFAOYSA-N,0.05547731,-0.1289019
HUMNYLRZRPPJDN-UHFFFAOYSA-N,0.074505776,-0.103008136
FRGXNJWEDDQLFH-UHFFFAOYSA-N,0.056653112,-0.123154975
ISWSIDIOOBJBQZ-UHFFFAOYSA-N,0.08174498,-0.11063615
NZZFYRREKKOMAT-UHFFFAOYSA-N,0.016924206,-0.058870032
JKOVQYWMFZTKMX-ONEGZZNKSA-N,0.101407915,-0.1497288
YMBSJQHEFLROIX-UHFFFAOYSA-N,0.064664744,-0.12710106
HMIBQFXWSUBFTG-UHFFFAOYSA-N,0.062406383,-0.12044676
IMNDHOCGZLYMRO-UHFFFAOYSA-N,0.059322253,-0.13506748
ILBIXZPOMJFOJP-UHFFFAOYSA-N,0.0817276,-0.11093584
OLJVAWRLTPGYQL-DTJXOCLSSA-N,0.02870506,-0.13305846
BUDQDWGNQVEFAC-UHFFFAOYSA-N,0.056993015,-0.0975851
RZXMPPFPUUCRFN-UHFFFAOYSA-N,0.06543589,-0.13263026
AEKVBBNGWBBYLL-UHFFFAOYSA-N,0.07388834,-0.053984515
VDFVNEFVBPFDSB-UHFFFAOYSA-N,0.059016958,-0.13030803
ZDOYHCIRUPHUHN-UHFFFAOYSA-N,0.081260785,-0.107237875
VKYKSIONXSXAKP-UHFFFAOYSA-N,0.033448335,-0.07968313
XNLICIUVMPYHGG-UHFFFAOYSA-N,0.049156502,-0.10695304
JEJBXIHZMUVILV-QMMMGPOBSA-N,0.020841112,-0.050871443
XXBDWLFCJWSEKW-UHFFFAOYSA-N,0.042939227,-0.12331926
SHQSVMDWKBRBGB-UHFFFAOYSA-N,0.043661386,-0.094595835
HCFAJYNVAYBARA-UHFFFAOYSA-N,0.047657102,-0.10707194
AJFDBNQQDYLMJN-UHFFFAOYSA-N,0.05261424,-0.13826357
NPKXLCMBIGGTTQ-UHFFFAOYSA-N,0.09648441,-0.3222506
YXIWHUQXZSMYRE-UHFFFAOYSA-N,0.09071484,-0.12895712
BRLQWZUYTZBJKN-VKHMYHEASA-N,0.06866411,-0.10342632
PPBRXRYQALVLMV-UHFFFAOYSA-N,0.047040425,-0.121070415
CZGCEKJOLUNIFY-UHFFFAOYSA-N,0.094430275,-0.10871005
XCWPBWWTGHQKDR-UHFFFAOYSA-N,0.04328686,-0.095516354
ZOMKCDYJHAQMCU-UHFFFAOYSA-N,0.083787665,-0.1349817
KJDRSWPQXHESDQ-UHFFFAOYSA-N,0.0536225,-0.048374787
HCEKGPAHZCYRBZ-UHFFFAOYSA-N,0.07766678,-0.092462026
LIWAQLJGPBVORC-UHFFFAOYSA-N,0.024546592,-0.08760531
UHOVQNZJYSORNB-UHFFFAOYSA-N,0.043723725,-0.12502915
CYSGHNMQYZDMIA-UHFFFAOYSA-N,0.056692995,-0.12803777
NYPYPOZNGOXYSU-UHFFFAOYSA-N,0.0707689,-0.11840862
SAANJXKHPZBABZ-UHFFFAOYSA-N,0.061538666,-0.12950277
WNXJIVFYUVYPPR-UHFFFAOYSA-N,0.05574935,-0.088721246
DQWXPGSGBJVHPN-UHFFFAOYSA-N,0.047338247,-0.13458899
PYOKUURKVVELLB-UHFFFAOYSA-N,0.04645202,-0.16211097
FVSKHRXBFJPNKK-UHFFFAOYSA-N,0.06341547,-0.06583251
NAMYKGVDVNBCFQ-UHFFFAOYSA-N,0.031211717,-0.04190547
KXKVLQRXCPHEJC-UHFFFAOYSA-N,0.062721305,-0.119656324
GRIXINIGTYIHSN-UHFFFAOYSA-N,0.06698851,-0.13145871
RLVGHTRVYWUWSH-UHFFFAOYSA-N,0.05770907,-0.13765699
PTTPXKJBFFKCEK-UHFFFAOYSA-N,0.0444347,-0.10643454
OQEINIBVOPRVOG-UHFFFAOYSA-N,0.054468535,-0.10691245
RNVCVTLRINQCPJ-UHFFFAOYSA-N,0.06569745,-0.13225576
VVBLNCFGVYUYGU-UHFFFAOYSA-N,0.052023984,-0.12757015
ANGGPYSFTXVERY-UHFFFAOYSA-N,0.017467603,-0.029145654
XSAYZAUNJMRRIR-UHFFFAOYSA-N,0.07210246,-0.104306646
YQYGPGKTNQNXMH-UHFFFAOYSA-N,0.112132214,-0.106353454
WEEGYLXZBRQIMU-WAAGHKOSSA-N,0.026563456,-0.11772098
PFEGFUCYOHBDJF-UHFFFAOYSA-N,0.077770084,-0.09381638
PAMIQIKDUOTOBW-UHFFFAOYSA-N,0.023035688,-0.10935927
MFEIKQPHQINPRI-UHFFFAOYSA-N,0.056582365,-0.12244764
RJSZFWIUDNOVNP-UHFFFAOYSA-N,0.054496136,-0.11245433
KFZMGEQAYNKOFK-UHFFFAOYSA-N,0.04961352,-0.09699244
BAVYZALUXZFZLV-UHFFFAOYSA-N,0.031143963,-0.07539232
OCGXPFSUJVHRHA-UHFFFAOYSA-N,0.06481648,-0.13615891
JSDBKAHWADVXFU-UHFFFAOYSA-N,0.11668267,-0.113314286
YEEMHJNIVXNCSN-ALCCZGGFSA-N,0.07839708,-0.11594392
IWTFOFMTUOBLHG-UHFFFAOYSA-N,0.06239411,-0.11252888
KVNRLNFWIYMESJ-UHFFFAOYSA-N,0.05767897,-0.06412627
QGZKDVFQNNGYKY-UHFFFAOYSA-N,0.034102548,-0.067624345
VBZWSGALLODQNC-UHFFFAOYSA-N,0.09088999,-0.018913656
NODGRWCMFMEGJH-UHFFFAOYSA-N,0.06938648,-0.11193079
GETQZCLCWQTVFV-UHFFFAOYSA-N,0.022502627,-0.0925022
AVPYQKSLYISFPO-UHFFFAOYSA-N,0.086921744,-0.08909805
DKPFZGUDAPQIHT-UHFFFAOYSA-N,0.06058894,-0.12134865
NCCHARWOCKOHIH-UHFFFAOYSA-N,0.08261077,-0.13079554
DZBUGLKDJFMEHC-UHFFFAOYSA-N,0.060968146,-0.116707146
DHIVLKMGKIZOHF-UHFFFAOYSA-N,0.042493284,-0.07442262
VFTFKUDGYRBSAL-UHFFFAOYSA-N,0.052641887,-0.107444234
XXOIGDFCELVFFJ-UHFFFAOYSA-N,0.32449782,-0.22728842
CLWIJUQLAFJNOF-UHFFFAOYSA-N,0.068171985,-0.1358357
IMNIMPAHZVJRPE-UHFFFAOYSA-N,0.02398299,-0.08030465
ULYZAYCEDJDHCC-UHFFFAOYSA-N,0.040891785,-0.054909565
LSBIUXKNVUBKRI-UHFFFAOYSA-N,0.06852374,-0.11967948
BHHGXPLMPWCGHP-UHFFFAOYSA-N,0.045576338,-0.124585465
OOWFYDWAMOKVSF-UHFFFAOYSA-N,0.05387226,-0.068311244
HPXRVTGHNJAIIH-UHFFFAOYSA-N,0.05024536,-0.09450968
IRNRNPNZAKHEAW-UHFFFAOYSA-N,0.07171027,-0.13752723
MVUMJYQUKKUOHO-UHFFFAOYSA-N,0.06624514,-0.13853787
VHBFFQKBGNRLFZ-UHFFFAOYSA-N,0.069902755,-0.11132023
SMBILOIZRKUZPE-UHFFFAOYSA-N,0.057749882,-0.13514836
AIMREYQYBFBEGQ-UHFFFAOYSA-N,0.06829458,-0.12692529
YXTROGRGRSPWKL-UHFFFAOYSA-N,0.058078095,-0.13515127
QPKDBLGFWZSDSB-UHFFFAOYSA-N,0.057540793,-0.09535849
VYHBFRJRBHMIQZ-UHFFFAOYSA-N,0.04810091,-0.13137914
REYJJPSVUYRZGE-UHFFFAOYSA-N,0.030479502,-0.08019071
YBRBMKDOPFTVDT-UHFFFAOYSA-N,0.025113698,-0.0806112
ATHHXGZTWNVVOU-UHFFFAOYSA-N,0.095470384,-0.12764886
FERIUCNNQQJTOY-UHFFFAOYSA-N,0.06793457,-0.11811512
GZPHSAQLYPIAIN-UHFFFAOYSA-N,0.086235985,-0.075969055
NVJBFARDFTXOTO-UHFFFAOYSA-N,0.27129346,-0.21062873
BWLUMTFWVZZZND-UHFFFAOYSA-N,0.04868924,-0.13157132
PSXLJUKMMIHADB-UHFFFAOYSA-N,0.11598668,-0.1246973
YSHMQTRICHYLGF-UHFFFAOYSA-N,0.055927496,-0.12522608
RENMDAKOXSCIGH-UHFFFAOYSA-N,0.097987145,-0.056651063
IENJMFWWRIWLIW-UHFFFAOYSA-N,0.079493806,-0.12144916
GOOHAUXETOMSMM-VKHMYHEASA-N,0.05053392,-0.110466555
JWUJQDFVADABEY-RXMQYKEDSA-N,0.03143526,-0.106023714
RGXUCUWVGKLACF-UHFFFAOYSA-N,0.047596388,-0.13326956
UBUCNCOMADRQHX-UHFFFAOYSA-N,0.062674634,-0.1201167
PFCHFHIRKBAQGU-UHFFFAOYSA-N,0.04916793,-0.10790145
JBYHSSAVUBIJMK-UHFFFAOYSA-N,0.040538996,-0.11110886
WGJCBBASTRWVJL-UHFFFAOYSA-N,0.08151074,-0.096737
XLYOFNOQVPJJNP-UHFFFAOYSA-N,0.07002126,-0.08121079
FZUGPQWGEGAKET-UHFFFAOYSA-N,0.06456247,-0.13122198
JQVDAXLFBXTEQA-UHFFFAOYSA-N,0.025310058,-0.092245705
IMFACGCPASFAPR-UHFFFAOYSA-N,0.019641235,-0.12519357
PVMNPAUTCMBOMO-UHFFFAOYSA-N,0.07247232,-0.10142939
WZJYKHNJTSNBHV-UHFFFAOYSA-N,0.0657423,-0.11442888
LDDOSDVZPSGLFZ-UHFFFAOYSA-N,0.049749315,-0.123053014
JPMQWSJHCDLANT-UHFFFAOYSA-N,0.05632259,-0.15734601
RJGDLRCDCYRQOQ-UHFFFAOYSA-N,0.06637364,-0.105954275
XEKOWRVHYACXOJ-UHFFFAOYSA-N,0.060863577,-0.12068792
SVYKKECYCPFKGB-UHFFFAOYSA-N,0.021870563,-0.10269266
FJDUDHYHRVPMJZ-UHFFFAOYSA-N,0.03002131,-0.08113362
WBJINCZRORDGAQ-UHFFFAOYSA-N,0.1044463,-0.112791955
CGHIBGNXEGJPQZ-UHFFFAOYSA-N,0.0773634,-0.08389929
GCUVJAHASMTIRG-UHFFFAOYSA-N,0.06511476,-0.124233566
WSJNYOVBJSOQST-UHFFFAOYSA-N,0.060574528,-0.119720474
QTPJMTACJMLPLL-UHFFFAOYSA-N,0.18886545,-0.26278576
YRKCREAYFQTBPV-UHFFFAOYSA-N,0.05856258,-0.090723515
UMIPWJGWASORKV-UHFFFAOYSA-N,0.077560246,-0.08332374
AHJWSRRHTXRLAQ-UHFFFAOYSA-N,0.0411518,-0.10615718
PIICEJLVQHRZGT-UHFFFAOYSA-N,0.037565246,-0.07228537
INQOMBQAUSQDDS-UHFFFAOYSA-N,0.01977694,-0.029434666
GJNGXPDXRVXSEH-UHFFFAOYSA-N,0.073472515,-0.07070799
GXMIHVHJTLPVKL-UHFFFAOYSA-N,0.05764878,-0.1378969
JLNGEXDJAQASHD-UHFFFAOYSA-N,0.057848494,-0.13797167
GPHQHTOMRSGBNZ-UHFFFAOYSA-N,0.0823097,-0.07776282
ULKWBVNMJZUEBD-UHFFFAOYSA-N,0.056297924,-0.13722862
QRPMWVNREKTPOV-UHFFFAOYSA-N,0.048460543,-0.112995476
WAULAQAPARJWJJ-UHFFFAOYSA-N,0.017221957,-0.039152578
ZKKBIZXAEDFPNL-HWKANZROSA-N,0.07113586,-0.08564162
WURBFLDFSFBTLW-UHFFFAOYSA-N,0.065961584,-0.10156282
OHLUUHNLEMFGTQ-UHFFFAOYSA-N,0.08726913,-0.13458994
DURPTKYDGMDSBL-UHFFFAOYSA-N,0.031156056,-0.10273513
RIFKADJTWUGDOV-UHFFFAOYSA-N,0.0472254,-0.10796335
ITQTTZVARXURQS-UHFFFAOYSA-N,0.057897843,-0.120870434
AQEFLFZSWDEAIP-UHFFFAOYSA-N,0.019616496,-0.11217884
LBKDGROORAKTLC-UHFFFAOYSA-N,0.053018585,-0.05029852
FGWQRDGADJMULT-UHFFFAOYSA-N,0.053479224,-0.1291426
RGUKYNXWOWSRET-UHFFFAOYSA-N,0.050081402,-0.13480441
FSPSELPMWGWDRY-UHFFFAOYSA-N,0.0684593,-0.10959114
PHWSCBWNPZDYRI-UHFFFAOYSA-N,0.09918018,-0.10420667
HZXRDAIBHPCJLE-UHFFFAOYSA-N,0.09043542,-0.1093531
AUQDITHEDVOTCU-UHFFFAOYSA-N,0.06056878,-0.0651674
NYYLZXREFNYPKB-UHFFFAOYSA-N,0.18610556,-0.24127959
YUWFEBAXEOLKSG-UHFFFAOYSA-N,0.023568772,-0.13947192
AWJUIBRHMBBTKR-UHFFFAOYSA-N,0.06805967,-0.11705212
CTQNGGLPUBDAKN-UHFFFAOYSA-N,0.04066624,-0.13062397
NTIZESTWPVYFNL-UHFFFAOYSA-N,0.047446344,-0.10745136
XQABVLBGNWBWIV-UHFFFAOYSA-N,0.06318859,-0.112289384
PAAZPARNPHGIKF-UHFFFAOYSA-N,0.042351604,-0.018549621
WEVYAHXRMPXWCK-UHFFFAOYSA-N,0.070420176,-0.059600174
SWFHGTMLYIBPPA-UHFFFAOYSA-N,0.06561808,-0.113058746
AFHUWZFARIICFX-UHFFFAOYSA-N,0.06954178,-0.11017881
JIRGTCBOQAJBHY-UHFFFAOYSA-N,0.06388986,-0.13918675
LVQDLURAEDSMES-UHFFFAOYSA-N,0.05583909,-0.13603573
ZPTVNYMJQHSSEA-UHFFFAOYSA-N,0.08401633,-0.11933525
RIOQSEWOXXDEQQ-UHFFFAOYSA-N,0.14225422,-0.16682145
RGTLAJIDOSPEDH-UHFFFAOYSA-N,0.05453851,-0.12006605
AOPDRZXCEAKHHW-UHFFFAOYSA-N,0.019242164,-0.10518703
CDNHLXOFELOEOL-UHFFFAOYSA-N,0.10156018,-0.10303004
HCIBTBXNLVOFER-UHFFFAOYSA-N,0.068844855,-0.09506367
OBNCKNCVKJNDBV-UHFFFAOYSA-N,0.04903054,-0.12174465
ZWEHNKRNPOVVGH-UHFFFAOYSA-N,0.048472404,-0.107597254
DRUIESSIVFYOMK-UHFFFAOYSA-N,0.02477074,-0.024330497
HTJDQJBWANPRPF-UHFFFAOYSA-N,0.03312333,-0.09122986
RXYPXQSKLGGKOL-UHFFFAOYSA-N,0.02585641,-0.11297975
HPMLGNIUXVXALD-UHFFFAOYSA-N,0.07718065,-0.101609886
DCKVNWZUADLDEH-YFKPBYRVSA-N,0.058563698,-0.12243502
WPYMKLBDIGXBTP-UHFFFAOYSA-N,0.07162769,-0.11550407
BAYUSCHCCGXLAY-UHFFFAOYSA-N,0.076639935,-0.102096975
HNJBEVLQSNELDL-UHFFFAOYSA-N,0.07104063,-0.13285804
JIKUXBYRTXDNIY-UHFFFAOYSA-N,0.09789946,-0.11320355
GBCKRQRXNXQQPW-UHFFFAOYSA-N,0.032030795,-0.11326599
SYBYTAAJFKOIEJ-UHFFFAOYSA-N,0.047246948,-0.10823804
NTPLXRHDUXRPNE-UHFFFAOYSA-N,0.07423397,-0.10647909
HUDYANRNMZDQGA-UHFFFAOYSA-N,0.062117115,-0.120391265
WDFQBORIUYODSI-UHFFFAOYSA-N,0.09285246,-0.13172144
LEIMLDGFXIOXMT-UHFFFAOYSA-N,0.11266312,-0.07118212
YNBADRVTZLEFNH-UHFFFAOYSA-N,0.08217021,-0.11217277
ONIHPYYWNBVMID-UHFFFAOYSA-N,0.069823846,-0.106110536
MGYMHQJELJYRQS-VHSXEESVSA-N,0.05067204,-0.1481468
UOCLXMDMGBRAIB-UHFFFAOYSA-N,0.058677696,-0.030519143
CGZZMOTZOONQIA-UHFFFAOYSA-N,0.038155228,-0.11146887
XRYKNXGXIFPTKH-UHFFFAOYSA-N,0.02095122,-0.053580694
HLDBHWJNZHGZMV-UHFFFAOYSA-N,0.2621041,-0.21305865
WMFABESKCHGSRC-UHFFFAOYSA-N,0.072502434,-0.101812094
YXWJGZQOGXGSSC-UHFFFAOYSA-N,0.06737853,-0.020861574
SNZSAFILJOCMFM-UHFFFAOYSA-N,0.18931033,-0.25997788
OIFBSDVPJOWBCH-UHFFFAOYSA-N,0.044718865,-0.12467848
FAXDZWQIWUSWJH-UHFFFAOYSA-N,0.038714968,-0.102118954
RDOXTESZEPMUJZ-UHFFFAOYSA-N,0.055030268,-0.1185524
AVQQQNCBBIEMEU-UHFFFAOYSA-N,0.053584162,-0.14203094
QDDLRYYYCREGPC-DTJXOCLSSA-N,0.023803538,-0.12051126
UIHCLUNTQKBZGK-YFKPBYRVSA-N,0.04713254,-0.10756528
SYEXGNJRYPOUSI-UHFFFAOYSA-N,0.042609625,-0.1251153
JLZWKZDHHREXTA-UHFFFAOYSA-N,0.09319734,-0.11163284
VJXRKZJMGVSXPX-UHFFFAOYSA-N,0.05692312,-0.12293106
SHOJXDKTYKFBRD-UHFFFAOYSA-N,0.045109168,-0.11175625
PFYPDUUXDADWKC-UHFFFAOYSA-N,0.05623266,-0.12566437
MHZGKXUYDGKKIU-UHFFFAOYSA-N,0.032706667,-0.07947978
UIHCLUNTQKBZGK-UHFFFAOYSA-N,0.046310216,-0.108081274
QAUUDNIGJSLPSX-UHFFFAOYSA-N,0.09435048,-0.11689725
ADSOSINJPNKUJK-UHFFFAOYSA-N,0.056567144,-0.12408316
BLKXLEPPVDUHBY-UHFFFAOYSA-N,0.17588943,-0.23554361
CUYKNJBYIJFRCU-UHFFFAOYSA-N,0.07694344,-0.12509787
YRHRIQCWCFGUEQ-UHFFFAOYSA-N,0.10301189,-0.134063
DQYDFMBXYUTXOK-UHFFFAOYSA-N,0.05553084,-0.15661204
JECUZQLBQKNEMW-UHFFFAOYSA-N,0.0695696,-0.13725555
WXBWKMLIVXELSF-UHFFFAOYSA-N,0.073327,-0.09746065
YNQLUTRBYVCPMQ-UHFFFAOYSA-N,0.041771986,-0.12922665
HUTDHWXNOSDRBN-UHFFFAOYSA-N,0.040628973,-0.14013307
IEJIGPNLZYLLBP-UHFFFAOYSA-N,0.069225065,-0.120532475
CSTJIJYJEWKYGH-UHFFFAOYSA-N,0.1815815,-0.1555286
UNFUYWDGSFDHCW-UHFFFAOYSA-N,0.0324887,-0.05417721
YHRUOJUYPBUZOS-UHFFFAOYSA-N,0.054458644,-0.04164406
IYIAWAACGTUPCC-UHFFFAOYSA-N,0.13599609,-0.1867691
SKBBQSLSGRSQAJ-UHFFFAOYSA-N,0.08250035,-0.09229381
DSWNRHCOGVRDOE-ONEGZZNKSA-N,0.045465574,-0.09887427
WVLBCYQITXONBZ-UHFFFAOYSA-N,0.1504457,-0.23287761
WGYKZJWCGVVSQN-UHFFFAOYSA-N,0.032058835,-0.07995005
QVSVMNXRLWSNGS-UHFFFAOYSA-N,0.06404031,-0.10053657
IWDCLRJOBJJRNH-UHFFFAOYSA-N,0.07971914,-0.11370017
WDAXFOBOLVPGLV-UHFFFAOYSA-N,0.045012392,-0.123498596
KPWDGTGXUYRARH-UHFFFAOYSA-N,0.086086355,-0.057697594
VIZNDSYPXQJMCM-UHFFFAOYSA-N,0.069065146,-0.10460462
SKECXRFZFFAANN-UHFFFAOYSA-N,0.062431216,-0.085298985
WEHWNAOGRSTTBQ-UHFFFAOYSA-N,0.02513992,-0.09255228
KWOLFJPFCHCOCG-UHFFFAOYSA-N,0.07154359,-0.10603619
BRRVYBRXLUEEJP-UHFFFAOYSA-N,0.06426911,-0.12957564
FFCSRWGYGMRBGD-UHFFFAOYSA-N,0.072136134,-0.15439238
HATLLUIOEIXWGD-UHFFFAOYSA-N,0.09095584,-0.14779031
JWVNPUBYKCSIKR-UHFFFAOYSA-N,0.06706219,-0.12492876
XRGPFNGLRSIPSA-UHFFFAOYSA-N,0.11055533,-0.09814888
NLHHRLWOUZZQLW-UHFFFAOYSA-N,0.072549626,-0.05961678
TVDSBUOJIPERQY-UHFFFAOYSA-N,0.09085916,-0.08334708
ZSSWXNPRLJLCDU-UHFFFAOYSA-N,0.1928213,-0.25036472
CZPWVGJYEJSRLH-UHFFFAOYSA-N,0.07525203,-0.104229644
PLUBXMRUUVWRLT-UHFFFAOYSA-N,0.22353937,-0.1652936
HONIICLYMWZJFZ-UHFFFAOYSA-N,0.029520668,-0.08964313
SQCZQTSHSZLZIQ-UHFFFAOYSA-N,0.041671623,-0.049063373
BWHOZHOGCMHOBV-BQYQJAHWSA-N,0.06511516,-0.108057
OKKJLVBELUTLKV-UHFFFAOYSA-N,0.055417225,-0.08596343
MUUWQYQRBFVTIB-UHFFFAOYSA-N,0.03908337,-0.12427288
HQABUPZFAYXKJW-UHFFFAOYSA-N,0.032450423,-0.08008883
QZVQQUVWFIZUBQ-UHFFFAOYSA-N,0.08256578,-0.09978178
YKYONYBAUNKHLG-UHFFFAOYSA-N,0.06082102,-0.1216165
NUMQCACRALPSHD-UHFFFAOYSA-N,0.022972144,-0.1117941
VEFLKXRACNJHOV-UHFFFAOYSA-N,0.04272873,-0.030008297
CFPIZMWTMRWZRO-UHFFFAOYSA-N,0.08235423,-0.13475421
LYGJENNIWJXYER-UHFFFAOYSA-N,0.112390116,-0.11298853
UWHSPZZUAYSGTB-UHFFFAOYSA-N,0.054507073,-0.14473912
NUJGJRNETVAIRJ-UHFFFAOYSA-N,0.062488504,-0.100848004
JYYNAJVZFGKDEQ-UHFFFAOYSA-N,0.05486132,-0.12669006
JKANAVGODYYCQF-UHFFFAOYSA-N,0.081139155,-0.08370186
AVFZOVWCLRSYKC-UHFFFAOYSA-N,0.021947276,-0.10436112
YNPNZTXNASCQKK-UHFFFAOYSA-N,0.061750878,-0.114291884
KMSNYNIWEORQDJ-UHFFFAOYSA-N,0.051694676,-0.103408344
UUIMDJFBHNDZOW-UHFFFAOYSA-N,0.05604877,-0.12598412
YNAVUWVOSKDBBP-UHFFFAOYSA-N,0.0440168,-0.103364356
GPTVQTPMFOLLOA-UHFFFAOYSA-N,0.036650605,-0.09046456
JMMWKPVZQRWMSS-UHFFFAOYSA-N,0.058886327,-0.121708535
MBTGBRYMJKYYOE-UHFFFAOYSA-N,0.090224266,-0.06631053
PJYTYJGMJDIKEJ-UHFFFAOYSA-N,0.05438391,-0.10200973
MJUJXFBTEFXVKU-UHFFFAOYSA-N,0.18837796,-0.23332231
ASUDFOJKTJLAIK-UHFFFAOYSA-N,0.038930617,-0.09772403
PMRYVIKBURPHAH-UHFFFAOYSA-N,0.10359894,-0.1060607
SUNMBRGCANLOEG-UHFFFAOYSA-N,0.09962075,-0.086104736
DACIGVIOAFXPHW-CDECOKDKSA-N,0.044768233,-0.109232344
YFTHZRPMJXBUME-UHFFFAOYSA-N,0.016775165,-0.10795472
DENRZWYUOJLTMF-UHFFFAOYSA-N,0.17793256,-0.16596657
DPBLXKKOBLCELK-UHFFFAOYSA-N,0.032572515,-0.079874784
UEALYGMEMQDEMQ-UHFFFAOYSA-N,0.059964776,-0.13220507
QMMFVYPAHWMCMS-UHFFFAOYSA-N,0.028975636,-0.037412807
NOFXHGGTQGRTTJ-UHFFFAOYSA-N,0.082498014,-0.117079385
LKNQXZAHNDFIQY-UHFFFAOYSA-N,0.061977547,-0.09665501
JLSSWDFCYXSLQX-UHFFFAOYSA-N,0.07814377,-0.102775104
BIPUHAHGLJKIPK-UHFFFAOYSA-N,0.045702063,-0.1109924
SJRJJKPEHAURKC-UHFFFAOYSA-N,0.042301334,-0.10538789
ZMANZCXQSJIPKH-UHFFFAOYSA-N,0.017566368,-0.11308554
VSYFZULSKMFUJJ-UHFFFAOYSA-N,0.06268568,-0.12463655
QPJVMBTYPHYUOC-UHFFFAOYSA-N,0.06563632,-0.11729641
YLQWCDOCJODRMT-UHFFFAOYSA-N,0.06845653,-0.100487344
LRMLWYXJORUTBG-UHFFFAOYSA-N,0.18817742,-0.2537435
AKODNVGCZKBUNT-UHFFFAOYSA-N,0.065482825,-0.118163936
SJMLNDPIJZBEKY-UHFFFAOYSA-N,0.052185923,-0.091492206
GGSUCNLOZRCGPQ-UHFFFAOYSA-N,0.04235617,-0.1306764
OSWPMRLSEDHDFF-UHFFFAOYSA-N,0.07250057,-0.11191395
KIPSRYDSZQRPEA-UHFFFAOYSA-N,0.089640856,-0.06679229
MNZAKDODWSQONA-UHFFFAOYSA-N,0.17759946,-0.25322634
UWKQJZCTQGMHKD-UHFFFAOYSA-N,0.044995278,-0.13679092
OXHNLMTVIGZXSG-UHFFFAOYSA-N,0.062963106,-0.14976273
IMRWILPUOVGIMU-UHFFFAOYSA-N,0.06973862,-0.11786707
DGVORXWMCNREFA-UHFFFAOYSA-N,0.065817915,-0.09934887
KZTYYGOKRVBIMI-UHFFFAOYSA-N,0.14942077,-0.17123008
SQNZJJAZBFDUTD-UHFFFAOYSA-N,0.036423236,-0.1351406
MSPDNPMYZVJMAM-OVMOHIIOSA-N,0.06752208,-0.11370904
SUDHEDJJFGYYPL-UHFFFAOYSA-N,0.050382175,-0.1376663
MJWNJEJCQHNDNM-UHFFFAOYSA-N,0.25889638,-0.21097896
RDHPKYGYEGBMSE-UHFFFAOYSA-N,0.03443422,-0.034754306
HXQHRUJXQJEGER-UHFFFAOYSA-N,0.0801646,-0.1290966
NQRYJNQNLNOLGT-UHFFFAOYSA-N,0.028880816,-0.10251181
AATNZNJRDOVKDD-UHFFFAOYSA-N,0.17819907,-0.24315605
XYWDPYKBIRQXQS-UHFFFAOYSA-N,0.021371141,-0.045106612
FLFWJIBUZQARMD-UHFFFAOYSA-N,0.11399487,-0.08692543
GNOIPBMMFNIUFM-UHFFFAOYSA-N,0.11392689,-0.26576227
HEDRZPFGACZZDS-UHFFFAOYSA-N,0.08929937,-0.023957605
OIWFZENWZGPLQZ-UHFFFAOYSA-N,0.055934157,-0.11214543
WBDSPWDNJYQQDT-UHFFFAOYSA-N,0.048183978,-0.13912503
NMRHCNYNTKGDGB-UHFFFAOYSA-N,0.13340193,-0.17574786
NBBJYMSMWIIQGU-UHFFFAOYSA-N,0.06164763,-0.10069405
ORPHOKOVVUFNKE-UHFFFAOYSA-N,0.062114157,-0.12596577
KBPLFHHGFOOTCA-UHFFFAOYSA-N,0.055615485,-0.09261778
GGDYAKVUZMZKRV-UHFFFAOYSA-N,0.07277223,-0.06483293
YKOQQFDCCBKROY-UHFFFAOYSA-N,0.052899748,-0.13851233
RYMBAPVTUHZCNF-UHFFFAOYSA-N,0.07455354,-0.1057679
WGBMKQSRUSKSOM-UHFFFAOYSA-N,0.06394939,-0.10811507
APLHDUWNMGJBFD-UHFFFAOYSA-N,0.08038889,-0.08817234
BGTOWKSIORTVQH-UHFFFAOYSA-N,0.039642937,-0.105413005
DWPLEOPKBWNPQV-UHFFFAOYSA-N,0.07740724,-0.10116725
ABXGMGUHGLQMAW-UHFFFAOYSA-N,0.08892661,-0.08468236
WYOXDERVKORKJN-UHFFFAOYSA-N,0.095515005,-0.10782283
IDJCCRRYIMWLSQ-UHFFFAOYSA-N,0.06364681,-0.11573458
BNWQEHYYXTVKOF-UHFFFAOYSA-N,0.09092278,-0.13790232
NURQLCJSMXZBPC-UHFFFAOYSA-N,0.05525721,-0.1251751
SMNMEJQTBGWHLI-UHFFFAOYSA-N,0.057805836,-0.12270852
RLSSMJSEOOYNOY-UHFFFAOYSA-N,0.078798145,-0.11432814
XIAJQOBRHVKGSP-UHFFFAOYSA-N,0.042852744,-0.07803361
VHYFNPMBLIVWCW-UHFFFAOYSA-N,0.056113705,-0.13289623
SMZHKGXSEAGRTI-UHFFFAOYSA-N,0.07129379,-0.07120557
XDOKVFJJVSLHDJ-UHFFFAOYSA-N,0.15660141,-0.23116277
DKLYDESVXZKCFI-UHFFFAOYSA-N,0.06455681,-0.13692155
SZIFAVKTNFCBPC-UHFFFAOYSA-N,0.06911432,-0.07271966
SWIMPUZQSVMCCL-UHFFFAOYSA-N,0.05647497,-0.14314587
OAGOUCJGXNLJNL-UHFFFAOYSA-N,0.058914244,-0.08100492
XDJAAZYHCCRJOK-UHFFFAOYSA-N,0.07578845,-0.08039427
NLPHXWGWBKZSJC-UHFFFAOYSA-N,0.09253587,-0.086931415
CVQUWLDCFXOXEN-UHFFFAOYSA-N,0.10332354,-0.1151444
KYEACNNYFNZCST-UHFFFAOYSA-N,0.07845396,-0.09974185
UQEAIHBTYFGYIE-UHFFFAOYSA-N,0.09895918,-0.051121783
FMVJYQGSRWVMQV-UHFFFAOYSA-N,0.12321331,-0.10910193
RHQDFWAXVIIEBN-UHFFFAOYSA-N,0.108010724,-0.056057896
AAAXMNYUNVCMCJ-UHFFFAOYSA-N,0.020876266,-0.04513479
WVDDGKGOMKODPV-UHFFFAOYSA-N,0.0635308,-0.13020903
IAZDPXIOMUYVGZ-UHFFFAOYSA-N,0.26112774,-0.22408156
ZZWJQCJQAXZVOM-UHFFFAOYSA-N,0.065103896,-0.11514905
YVBMXGVGOLXFFS-UHFFFAOYSA-N,0.07054664,-0.11221036
UKROGNGFIXLRHI-UHFFFAOYSA-N,0.063104086,-0.1415692
BHAAPTBBJKJZER-UHFFFAOYSA-N,0.0647579,-0.12254499
FHUODBDRWMIBQP-UHFFFAOYSA-N,0.06916336,-0.12090339
XLSZMDLNRCVEIJ-UHFFFAOYSA-N,0.10850052,-0.13237631
GGYVTHJIUNGKFZ-UHFFFAOYSA-N,0.0495281,-0.13801952
NZNMSOFKMUBTKW-UHFFFAOYSA-N,0.06592014,-0.12006985
QSNSCYSYFYORTR-UHFFFAOYSA-N,0.09312417,-0.11338246
GBBZLMLLFVFKJM-UHFFFAOYSA-N,0.021868778,-0.046701893
NVPICXQHSYQKGM-UHFFFAOYSA-N,0.044911254,-0.088919595
LQNUZADURLCDLV-UHFFFAOYSA-N,0.09013939,-0.11603865
BHTSNYQWLQLLOD-WUQLGEGHSA-N,0.03170548,-0.11158334
YZWKKMVJZFACSU-UHFFFAOYSA-N,0.03160964,-0.03466551
JKTCBAGSMQIFNL-UHFFFAOYSA-N,0.06937152,-0.09464783
LJXQPZWIHJMPQQ-UHFFFAOYSA-N,0.099672444,-0.116706036
NOLVABYTFMDREN-ZETCQYMHSA-N,0.036106307,-0.063902885
CTAPFRYPJLPFDF-UHFFFAOYSA-N,0.09363425,-0.092216045
ZVWHURINXJWEER-UHFFFAOYSA-N,0.055151965,-0.14446947
XULIXFLCVXWHRF-UHFFFAOYSA-N,0.017960383,-0.1134534
JBTWLSYIZRCDFO-UHFFFAOYSA-N,0.06701709,-0.12274419
FMKOJHQHASLBPH-UHFFFAOYSA-N,0.019735295,-0.040109567
QANVSPFERJBPTO-UHFFFAOYSA-N,0.05190813,-0.13666657
AGSPXMVUFBBBMO-UHFFFAOYSA-N,0.06914812,-0.06323258
FFNVQNRYTPFDDP-UHFFFAOYSA-N,0.08382031,-0.07701549
VEUUMBGHMNQHGO-UHFFFAOYSA-N,0.08309891,-0.10789385
VLLNJDMHDJRNFK-CHIWXEEVSA-N,0.045089275,-0.09489955
PDLCCNYKIIUWHA-UHFFFAOYSA-N,0.06869,-0.11172263
RTJGTTXUCVCPIQ-UHFFFAOYSA-N,0.1104459,-0.19585137
LYDRKKWPKKEMNZ-UHFFFAOYSA-N,0.061916713,-0.11585486
URAYPUMNDPQOKB-UHFFFAOYSA-N,0.06440556,-0.11361964
ILVXOBCQQYKLDS-UHFFFAOYSA-N,0.08348294,-0.15327597
DQWPFSLDHJDLRL-UHFFFAOYSA-N,0.13300797,-0.24241336
WDGYPUOJGIEZMO-CSKARUKUSA-N,0.12260657,-0.20578322
SUSQOBVLVYHIEX-UHFFFAOYSA-N,0.07705622,-0.11262835
BSKHPKMHTQYZBB-UHFFFAOYSA-N,0.05744911,-0.12268026
HGCIXCUEYOPUTN-UHFFFAOYSA-N,0.028448356,-0.091453895
JXTGICXCHWMCPM-VIFPVBQESA-N,0.2604151,-0.21577099
SNICXCGAKADSCV-JTQLQIEISA-N,0.055114336,-0.124067806
FZWLAAWBMGSTSO-UHFFFAOYSA-N,0.10331155,-0.124367096
JLGPMOJYECOCEP-UHFFFAOYSA-N,0.17739995,-0.16623122
GYCPLYCTMDTEPU-UHFFFAOYSA-N,0.08537164,-0.10963141
AUFIRGPROMANKW-UHFFFAOYSA-N,0.03564114,-0.13054517
WYURNTSHIVDZCO-UHFFFAOYSA-N,0.032327853,-0.10262955
DULCUDSUACXJJC-UHFFFAOYSA-N,0.061786577,-0.12120549
UHNHTTIUNATJKL-UHFFFAOYSA-N,0.17372319,-0.1742547
JNELGWHKGNBSMD-UHFFFAOYSA-N,0.07063036,-0.09880978
BWZVCCNYKMEVEX-UHFFFAOYSA-N,0.04193441,-0.13306394
SVEUVITYHIHZQE-UHFFFAOYSA-N,0.06716734,-0.12823868
HHVIBTZHLRERCL-UHFFFAOYSA-N,0.19372842,-0.16415487
OZNXTQSXSHODFR-CHIWXEEVSA-N,0.02940005,-0.057691805
VZXXYILNWWRSGE-OCAPTIKFSA-N,0.037648782,-0.10795717
KSMVZQYAVGTKIV-UHFFFAOYSA-N,0.06266189,-0.10076733
ZYPLZLQKRFFKCL-UHFFFAOYSA-N,0.08761102,-0.12295556
CSVFWMMPUJDVKH-UHFFFAOYSA-N,0.06532646,-0.07696666
VFWCMGCRMGJXDK-UHFFFAOYSA-N,0.04072583,-0.04983031
DHXVGJBLRPWPCS-UHFFFAOYSA-N,0.032110967,-0.09867288
KYVIFDXEMABEDB-UHFFFAOYSA-N,0.04974827,-0.1382499
KDISMIMTGUMORD-UHFFFAOYSA-N,0.059822224,-0.13645676
WFCLYEAZTHWNEH-UHFFFAOYSA-N,0.083837494,-0.09669243
SYEXGNJRYPOUSI-DNSLJTBWSA-N,0.042576406,-0.12510006
JLTDJTHDQAWBAV-UHFFFAOYSA-N,0.04304394,-0.13660169
KIDHWZJUCRJVML-UHFFFAOYSA-N,0.03486344,-0.07699102
HTIRHQRTDBPHNZ-UHFFFAOYSA-N,0.017639566,-0.04541566
CDQSTBHGKNNPSY-UHFFFAOYSA-N,0.049426712,-0.13887331
XFRSYDKTYAUVAW-UHFFFAOYSA-N,0.0566618,-0.12048122
JXTGICXCHWMCPM-UHFFFAOYSA-N,0.26038375,-0.21622005
YEJRWHAVMIAJKC-UHFFFAOYSA-N,0.066519886,-0.12277025
SECXISVLQFMRJM-UHFFFAOYSA-N,0.05020537,-0.13145715
RWRDLPDLKQPQOW-UHFFFAOYSA-N,0.023141548,-0.08396329
NCBZRJODKRCREW-UHFFFAOYSA-N,0.07054955,-0.124560356
NAIVIVMHCDWBEF-UHFFFAOYSA-N,0.07256462,-0.10905697
WZADGDPHGLPABW-UHFFFAOYSA-N,0.051570427,-0.1320294
BNLLHLUAOXAUNQ-UHFFFAOYSA-N,0.09085358,-0.08669992
MSXIOWULDXZJLX-UHFFFAOYSA-N,0.06438421,-0.12524475
FHUDAMLDXFJHJE-UHFFFAOYSA-N,0.08369132,-0.05580221
BGNGWHSBYQYVRX-UHFFFAOYSA-N,0.063800395,-0.1180163
VYHVQEYOFIYNJP-UHFFFAOYSA-N,0.0886015,-0.09441787
DHYHYLGCQVVLOQ-UHFFFAOYSA-N,0.09033865,-0.13027312
SXVPOSFURRDKBO-UHFFFAOYSA-N,0.045483436,-0.10782711
XEJIHKUDPINBCS-UHFFFAOYSA-N,0.10589975,-0.0980163
RTZKZFJDLAIYFH-UHFFFAOYSA-N,0.025892038,-0.10972171
ROUYUBHVBIKMQO-UHFFFAOYSA-N,0.019891348,-0.03919892
ALCDAWARCQFJBA-UHFFFAOYSA-N,0.021543704,-0.040440902
FJBFPHVGVWTDIP-UHFFFAOYSA-N,0.047316454,-0.033952236
LMTGCJANOQOGPI-UHFFFAOYSA-N,0.062158152,-0.13186833
ZDPAWHACYDRYIW-UHFFFAOYSA-N,0.087192446,-0.094601974
NCYVXEGFNDZQCU-UHFFFAOYSA-N,0.07331697,-0.13317358
HKTSLDUAGCAISP-UHFFFAOYSA-N,0.057392187,-0.134051
RAOIDOHSFRTOEL-UHFFFAOYSA-N,0.027339369,-0.068921916
BEUGBYXJXMVRFO-UHFFFAOYSA-N,0.0568422,-0.120023414
BUZYGTVTZYSBCU-UHFFFAOYSA-N,0.08363071,-0.09574554
PAMJENUKCYUKLC-UHFFFAOYSA-N,0.07939001,-0.12131119
PBMFSQRYOILNGV-UHFFFAOYSA-N,0.06867273,-0.10236361
ATDGTVJJHBUTRL-UHFFFAOYSA-N,0.06475165,-0.058514804
AQNQZLOSBFEYBX-LURJTMIESA-N,0.26153925,-0.22136036
SYMPSOJKDIMXKZ-UHFFFAOYSA-N,0.057754934,-0.13114879
ULTHEAFYOOPTTB-UHFFFAOYSA-N,0.043182254,-0.032063156
DXVVZIGSMCTRDV-UHFFFAOYSA-N,0.11573988,-0.22807051
HXVNBWAKAOHACI-UHFFFAOYSA-N,0.039293777,-0.10794778
UPOSSYJVWXLPTA-UHFFFAOYSA-N,0.043033887,-0.10790113
JFDZBHWFFUWGJE-UHFFFAOYSA-N,0.06931921,-0.08440156
JJHHIJFTHRNPIK-UHFFFAOYSA-N,0.2614507,-0.20749575
CSYLYUAMXUGIFE-UHFFFAOYSA-N,0.06565719,-0.11842227
BVSPJPNNLDIUFE-UHFFFAOYSA-N,0.15108919,-0.17707253
AAADKYXUTOBAGS-OIBJUYFYSA-N,0.031989686,-0.09588572
UFWIBTONFRDIAS-UHFFFAOYSA-N,0.04892322,-0.119295165
XDELKSRGBLWMBA-UHFFFAOYSA-N,0.06550354,-0.14219747
IIRFCWANHMSDCG-UHFFFAOYSA-N,0.04111755,-0.11300821
WHTDCOSHHMXZNE-UHFFFAOYSA-N,0.046680532,-0.13309012
KKHBRTFQIYIHEI-UHFFFAOYSA-N,0.08642476,-0.11046329
YTPLMLYBLZKORZ-UHFFFAOYSA-N,0.10975766,-0.13391906
GAEKPEKOJKCEMS-BYPYZUCNSA-N,0.06384666,-0.12675847
QUSNBJAOOMFDIB-UHFFFAOYSA-N,0.031910494,-0.08152065
QFHAGCRNENPASY-GQCTYLIASA-N,0.08699639,-0.11080994
KWRGMBARTDLYSH-UHFFFAOYSA-N,0.080127224,-0.11760675
UIQGEWJEWJMQSL-UHFFFAOYSA-N,0.035107825,-0.11156288
AQNQZLOSBFEYBX-UHFFFAOYSA-N,0.26181597,-0.2214146
VSUGUKXAAPOFPQ-UHFFFAOYSA-N,0.10737379,-0.1634571
NVJUHMXYKCUMQA-UHFFFAOYSA-N,0.025820144,-0.107849255
CYNYIHKIEHGYOZ-UHFFFAOYSA-N,0.03100459,-0.03419066
VAJCYQHLYBTSHG-UHFFFAOYSA-N,0.04805452,-0.1396544
ZTQSAGDEMFDKMZ-UHFFFAOYSA-N,0.06289496,-0.10086566
QJQAMHYHNCADNR-UHFFFAOYSA-N,0.08581999,-0.13332544
CODXZFSZJFCVBE-UHFFFAOYSA-N,0.06632943,-0.10172294
NPZOFLLFFNIYON-LBPRGKRZSA-N,0.26063102,-0.21505632
LSCYTCMNCWMCQE-UHFFFAOYSA-N,0.07234287,-0.12820026
KMAQZIILEGKYQZ-UHFFFAOYSA-N,0.09760019,-0.10818033
CELKOWQJPVJKIL-UHFFFAOYSA-N,0.075315066,-0.084060125
FDDDTDSPQXLQFY-UHFFFAOYSA-N,0.07689357,-0.10504558
AHHWIHXENZJRFG-UHFFFAOYSA-N,0.03877192,-0.10622878
MPPPKRYCTPRNTB-UHFFFAOYSA-N,0.031939566,-0.03465718
SNHMUERNLJLMHN-UHFFFAOYSA-N,0.050463825,-0.14764476
BAPJBEWLBFYGME-UHFFFAOYSA-N,0.070652805,-0.119162455
MNOILHPDHOHILI-UHFFFAOYSA-N,0.05321929,-0.11474031
BZLVMXJERCGZMT-UHFFFAOYSA-N,0.03134661,-0.10428239
FDPIMTJIUBPUKL-UHFFFAOYSA-N,0.04317248,-0.10827385
XWEFKJNJSVXMOD-UHFFFAOYSA-N,0.060016625,-0.12909105
SJNALLRHIVGIBI-UHFFFAOYSA-N,0.0662557,-0.07164374
JHIVVAPYMSGYDF-UHFFFAOYSA-N,0.03672887,-0.10875455
XXROGKLTLUQVRX-UHFFFAOYSA-N,0.061095223,-0.09293366
ZUOUZKKEUPVFJK-UHFFFAOYSA-N,0.04767196,-0.11693317
BNUHAJGCKIQFGE-UHFFFAOYSA-N,0.09582922,-0.12054959
BMVXCPBXGZKUPN-UHFFFAOYSA-N,0.032543033,-0.079506084
CWHFDTWZHFRTAB-UHFFFAOYSA-N,0.072061844,-0.08403913
NRGGMCIBEHEAIL-UHFFFAOYSA-N,0.056596234,-0.12458506
MQBNSGDDWSWJLR-UHFFFAOYSA-N,0.06863658,-0.114505015
PAYRUJLWNCNPSJ-UHFFFAOYSA-N,0.0813633,-0.12942028
NBBZMDUHKWRYSZ-UHFFFAOYSA-N,0.06754973,-0.12398586
GCDVQIPVANUWJO-UHFFFAOYSA-N,0.082550704,-0.13256101
CSJAXRKDCCWCSJ-UHFFFAOYSA-N,0.10005915,-0.12854192
MBHINSULENHCMF-UHFFFAOYSA-N,0.06274919,-0.13555801
MTAODLNXWYIKSO-UHFFFAOYSA-N,0.078514114,-0.08186865
PDQRQJVPEFGVRK-UHFFFAOYSA-N,0.112671055,-0.12818018
ROSDSFDQCJNGOL-UHFFFAOYSA-N,0.027253948,-0.08317222
BGJSXRVXTHVRSN-UHFFFAOYSA-N,0.07289745,-0.15336333
RVAQSYWDOSHWGP-UHFFFAOYSA-N,0.13784415,-0.22068445
AUHZEENZYGFFBQ-UHFFFAOYSA-N,0.03611705,-0.13362342
YSTPAHQEHQSRJD-VIFPVBQESA-N,0.047577135,-0.112366974
QKPVEISEHYYHRH-UHFFFAOYSA-N,0.0803864,-0.10342699
DCNUQRBLZWSGAV-UHFFFAOYSA-N,0.08578684,-0.12459314
IOJUPLGTWVMSFF-UHFFFAOYSA-N,0.08517932,-0.15512541
GJRQTCIYDGXPES-UHFFFAOYSA-N,0.060626894,-0.12193322
KGIGUEBEKRSTEW-UHFFFAOYSA-N,0.06088776,-0.11742114
UAOMVDZJSHZZME-UHFFFAOYSA-N,0.021285795,-0.08854045
FUCOMWZKWIEKRK-UHFFFAOYSA-N,0.02149842,-0.03840472
NKDDWNXOKDWJAK-UHFFFAOYSA-N,0.0531974,-0.09191758
MYOHNZJKOAODMX-UHFFFAOYSA-N,0.056173325,-0.1467978
WMQUKDQWMMOHSA-UHFFFAOYSA-N,0.079816684,-0.100794
KYQCOXFCLRTKLS-UHFFFAOYSA-N,0.07086981,-0.10668246
XQQZRZQVBFHBHL-UHFFFAOYSA-N,0.05413767,-0.119380005
JUJWROOIHBZHMG-UHFFFAOYSA-N,0.059772883,-0.116666555
BOHCMQZJWOGWTA-UHFFFAOYSA-N,0.0664053,-0.088381514
CSCPPACGZOOCGX-UHFFFAOYSA-N,0.049837917,-0.10709447
NEKCOKJRDOPRSK-UHFFFAOYSA-N,0.09349539,-0.16975094
OZJPLYNZGCXSJM-UHFFFAOYSA-N,0.06750575,-0.13058165
UQFQONCQIQEYPJ-UHFFFAOYSA-N,0.07392044,-0.14319348
LCGLNKUTAGEVQW-UHFFFAOYSA-N,0.037676536,-0.09351514
OZKOMUDCMCEDTM-UHFFFAOYSA-N,0.07010436,-0.10953358
AQNQQHJNRPDOQV-UHFFFAOYSA-N,0.02758552,-0.0411983
YHQMSHVVGOSZEW-UHFFFAOYSA-N,0.18295813,-0.23878033
HCJXEOFLVIFFDG-UHFFFAOYSA-N,0.064173155,-0.1381731
HHAISVSEJFEWBZ-UHFFFAOYSA-N,0.09907755,-0.08268072
YIIMEMSDCNDGTB-UHFFFAOYSA-N,0.068373315,-0.111106955
YEEMHJNIVXNCSN-UHFFFAOYSA-N,0.07453735,-0.11148211
FUNXVDFRBZQHKX-UHFFFAOYSA-N,0.08411078,-0.13911432
LOWMYOWHQMKBTM-UHFFFAOYSA-N,0.24354845,-0.2248286
