WEEGYLXZBRQIMU-UHFFFAOYSA-N,0.014087629,-0.095179565
BRLQWZUYTZBJKN-VKHMYHEASA-N,0.067551225,-0.089037694
DMBHHRLKUKUOEG-UHFFFAOYSA-N,0.030936727,-0.06287269
CZPWVGJYEJSRLH-UHFFFAOYSA-N,0.05415084,-0.062294114
VYHVQEYOFIYNJP-UHFFFAOYSA-N,0.073649,-0.07150775
OCGXPFSUJVHRHA-UHFFFAOYSA-N,0.055300742,-0.12211292
SKECXRFZFFAANN-UHFFFAOYSA-N,0.059627358,-0.08299572
YMBSJQHEFLROIX-UHFFFAOYSA-N,0.06649402,-0.09571364
DACIGVIOAFXPHW-CDECOKDKSA-N,0.03042701,-0.09665512
BNLLHLUAOXAUNQ-UHFFFAOYSA-N,0.075562365,-0.08619602
WPYMKLBDIGXBTP-UHFFFAOYSA-N,0.06268974,-0.117633
XEJIHKUDPINBCS-UHFFFAOYSA-N,0.094384655,-0.08709659
XQABVLBGNWBWIV-UHFFFAOYSA-N,0.056569137,-0.06893006
AHJWSRRHTXRLAQ-UHFFFAOYSA-N,0.039593354,-0.08769356
RTJGTTXUCVCPIQ-UHFFFAOYSA-N,0.11418846,-0.19181135
AQNQQHJNRPDOQV-UHFFFAOYSA-N,0.022064127,-0.041081313
JEJBXIHZMUVILV-QMMMGPOBSA-N,0.009864434,-0.026086567
GUVUOGQBMYCBQP-UHFFFAOYSA-N,0.049431764,-0.13215032
XRGPFNGLRSIPSA-UHFFFAOYSA-N,0.08791326,-0.093602695
LYDRKKWPKKEMNZ-UHFFFAOYSA-N,0.038280632,-0.11934813
TVDSBUOJIPERQY-UHFFFAOYSA-N,0.0697335,-0.06673628
IMRWILPUOVGIMU-UHFFFAOYSA-N,0.049858816,-0.07855261
BGTOWKSIORTVQH-UHFFFAOYSA-N,0.028337985,-0.09156925
YRHRIQCWCFGUEQ-UHFFFAOYSA-N,0.06634029,-0.10633852
BAVYZALUXZFZLV-UHFFFAOYSA-N,0.021404192,-0.051521167
AGSPXMVUFBBBMO-UHFFFAOYSA-N,0.061470307,-0.051117912
PHWISQNXPLXQRU-UHFFFAOYSA-N,0.06451096,-0.06266486
BATDBURDIROQFJ-SOFGYWHQSA-N,0.058224477,-0.12099525
HLDBHWJNZHGZMV-UHFFFAOYSA-N,0.23132412,-0.21555163
JIKUXBYRTXDNIY-UHFFFAOYSA-N,0.069177926,-0.10308623
AJFDBNQQDYLMJN-UHFFFAOYSA-N,0.046828154,-0.12217835
KMSNYNIWEORQDJ-UHFFFAOYSA-N,0.033694617,-0.09350698
OPXCUUJACRRYMC-UHFFFAOYSA-N,0.051471993,-0.08888713
VMOIPIVQHVFUFO-UHFFFAOYSA-N,0.06854088,-0.07418404
GBCKRQRXNXQQPW-UHFFFAOYSA-N,0.021343,-0.08362041
FGLBSLMDCBOPQK-UHFFFAOYSA-N,0.091881864,-0.122982144
XDJAAZYHCCRJOK-UHFFFAOYSA-N,0.06417199,-0.058498643
JCMZZYSPSGHBNM-UHFFFAOYSA-N,0.031971868,-0.09664724
HONIICLYMWZJFZ-UHFFFAOYSA-N,0.020415671,-0.06907147
RYMBAPVTUHZCNF-UHFFFAOYSA-N,0.051296405,-0.09155319
KZTYYGOKRVBIMI-UHFFFAOYSA-N,0.115262024,-0.1915025
BHAAPTBBJKJZER-UHFFFAOYSA-N,0.045541845,-0.06908839
NSWLMOHUXYULKL-UHFFFAOYSA-N,0.068282574,-0.09831565
BNWQEHYYXTVKOF-UHFFFAOYSA-N,0.07381696,-0.11200745
QKPVEISEHYYHRH-UHFFFAOYSA-N,0.07275152,-0.08461659
PSXLJUKMMIHADB-UHFFFAOYSA-N,0.09067751,-0.112695284
LIWAQLJGPBVORC-UHFFFAOYSA-N,0.020394329,-0.06503149
CZGCEKJOLUNIFY-UHFFFAOYSA-N,0.077643484,-0.113955356
LCGLNKUTAGEVQW-UHFFFAOYSA-N,0.035378218,-0.08279759
BUDQDWGNQVEFAC-UHFFFAOYSA-N,0.04311273,-0.06559698
OHLUUHNLEMFGTQ-UHFFFAOYSA-N,0.06652826,-0.119264774
MNOILHPDHOHILI-UHFFFAOYSA-N,0.04521078,-0.090817675
FKNQCJSGGFJEIZ-UHFFFAOYSA-N,0.037532028,-0.06872134
ILVXOBCQQYKLDS-UHFFFAOYSA-N,0.058633596,-0.14985152
UKROGNGFIXLRHI-UHFFFAOYSA-N,0.032888394,-0.1275801
MUUWQYQRBFVTIB-UHFFFAOYSA-N,0.025952555,-0.0781621
KAESVJOAVNADME-UHFFFAOYSA-N,0.08154404,-0.08519776
KJPRLNWUNMBNBZ-QPJJXVBHSA-N,0.0435761,-0.09717573
CQQUWTMMFMJEFE-UHFFFAOYSA-N,0.066467166,-0.111134395
JIHQDMXYYFUGFV-UHFFFAOYSA-N,0.06707575,-0.058180578
JBYHSSAVUBIJMK-UHFFFAOYSA-N,0.036425516,-0.0833936
PMDCZENCAXMSOU-UHFFFAOYSA-N,0.064039014,-0.11897908
XTHFKEDIFFGKHM-UHFFFAOYSA-N,0.03741238,-0.07527275
NQRYJNQNLNOLGT-UHFFFAOYSA-N,0.018107379,-0.06683348
PIICEJLVQHRZGT-UHFFFAOYSA-N,0.024317872,-0.048553027
FXHOOIRPVKKKFG-UHFFFAOYSA-N,0.05001768,-0.11980544
BLXSFCHWMBESKV-UHFFFAOYSA-N,0.015725452,-0.019653553
PFCHFHIRKBAQGU-UHFFFAOYSA-N,0.034131277,-0.09263433
CSTJIJYJEWKYGH-UHFFFAOYSA-N,0.11594329,-0.0972143
GJRQTCIYDGXPES-UHFFFAOYSA-N,0.05083537,-0.114208974
YEEMHJNIVXNCSN-UHFFFAOYSA-N,0.07080986,-0.10496614
MQBNSGDDWSWJLR-UHFFFAOYSA-N,0.0662402,-0.09044066
JKOVQYWMFZTKMX-ONEGZZNKSA-N,0.088510975,-0.14433649
JNELGWHKGNBSMD-UHFFFAOYSA-N,0.04218439,-0.10132855
FJBFPHVGVWTDIP-UHFFFAOYSA-N,0.045977317,-0.018669214
CGZZMOTZOONQIA-UHFFFAOYSA-N,0.028251097,-0.096746385
YKOQQFDCCBKROY-UHFFFAOYSA-N,0.044893935,-0.12133215
RDHPKYGYEGBMSE-UHFFFAOYSA-N,0.03273856,-0.03777263
OUMGIYIBWRLOAF-UHFFFAOYSA-N,0.046449147,-0.08316293
NYPYPOZNGOXYSU-UHFFFAOYSA-N,0.050937545,-0.06117516
SRPCLECGIYMIMN-CSKARUKUSA-N,0.050078362,-0.10834024
OZNXTQSXSHODFR-CHIWXEEVSA-N,0.017335359,-0.057728626
CSCPPACGZOOCGX-UHFFFAOYSA-N,0.0452586,-0.09419632
FHUDAMLDXFJHJE-UHFFFAOYSA-N,0.08558585,-0.06484252
QGZKDVFQNNGYKY-UHFFFAOYSA-N,0.02123544,-0.041343804
JEDHEXUPBRMUMB-UHFFFAOYSA-N,0.046816,-0.0800474
JJYPMNFTHPTTDI-UHFFFAOYSA-N,0.03863868,-0.06388283
RGWHHWWMFUXNAX-ICWSVDNISA-N,0.014199842,-0.09946304
GZPHSAQLYPIAIN-UHFFFAOYSA-N,0.065726064,-0.048515752
PDQRQJVPEFGVRK-UHFFFAOYSA-N,0.12276479,-0.105771266
OOLOYCGJRJFTPM-UHFFFAOYSA-N,0.07564521,-0.07495477
LYCAIKOWRPUZTN-UHFFFAOYSA-N,0.059916362,-0.06334692
WDFQBORIUYODSI-UHFFFAOYSA-N,0.051493615,-0.064457774
WGJCBBASTRWVJL-UHFFFAOYSA-N,0.054912418,-0.08590499
YLQWCDOCJODRMT-UHFFFAOYSA-N,0.03816151,-0.09219451
ONIHPYYWNBVMID-UHFFFAOYSA-N,0.05225809,-0.10681159
CHSPMZWZNFDUDE-UHFFFAOYSA-N,0.12665023,-0.22682545
BYEAHWXPCBROCE-UHFFFAOYSA-N,0.13887605,-0.04332534
DSGZADFUTPZEMZ-UHFFFAOYSA-N,0.054175988,-0.09027736
WYURNTSHIVDZCO-UHFFFAOYSA-N,0.030120796,-0.09060069
NZZFYRREKKOMAT-UHFFFAOYSA-N,0.014646184,-0.019559823
RWRDLPDLKQPQOW-UHFFFAOYSA-N,0.017794367,-0.06953393
VFTFKUDGYRBSAL-UHFFFAOYSA-N,0.044207208,-0.11764195
JWVNPUBYKCSIKR-UHFFFAOYSA-N,0.050090294,-0.07667974
WSJNYOVBJSOQST-UHFFFAOYSA-N,0.038561575,-0.118830964
RUOJZAUFBMNUDX-VKHMYHEASA-N,0.09206272,-0.100250944
RFVHVYKVRGKLNK-UHFFFAOYSA-N,0.053662263,-0.09576463
HWWYDZCSSYKIAD-UHFFFAOYSA-N,0.036939297,-0.06929922
PKAHQJNJPDVTDP-UHFFFAOYSA-N,0.045357734,-0.11664374
SXVPOSFURRDKBO-UHFFFAOYSA-N,0.0355862,-0.094016075
ROUYUBHVBIKMQO-UHFFFAOYSA-N,0.022573229,-0.013691803
HGCIXCUEYOPUTN-UHFFFAOYSA-N,0.012826248,-0.032145165
GXMIHVHJTLPVKL-UHFFFAOYSA-N,0.035689574,-0.10577909
RXYPXQSKLGGKOL-UHFFFAOYSA-N,0.03142851,-0.08373392
UBUCNCOMADRQHX-UHFFFAOYSA-N,0.036263112,-0.104778714
PAYRUJLWNCNPSJ-UHFFFAOYSA-N,0.03923185,-0.060498968
GPRYKVSEZCQIHD-UHFFFAOYSA-N,0.056785926,-0.10208289
VHBFFQKBGNRLFZ-UHFFFAOYSA-N,0.041248526,-0.10979702
WXBWKMLIVXELSF-UHFFFAOYSA-N,0.072854176,-0.0801691
AUHZEENZYGFFBQ-UHFFFAOYSA-N,0.018643927,-0.06631987
QZVQQUVWFIZUBQ-UHFFFAOYSA-N,0.054509558,-0.07014344
CPWSNJSGSXXVLD-CHIWXEEVSA-N,0.017216433,-0.08793789
ULTHEAFYOOPTTB-UHFFFAOYSA-N,0.04186935,-0.035727855
UFWIBTONFRDIAS-UHFFFAOYSA-N,0.022687394,-0.057970546
VQGHOUODWALEFC-UHFFFAOYSA-N,0.037857685,-0.08305784
KIPSRYDSZQRPEA-UHFFFAOYSA-N,0.09169328,-0.07108183
JAMNHZBIQDNHMM-UHFFFAOYSA-N,0.034517784,-0.056231324
UMPRJGKLMUDRHL-UHFFFAOYSA-N,0.055752754,-0.10905461
UGEJOEBBMPOJMT-UHFFFAOYSA-N,0.09346926,-0.069392815
MCTWTZJPVLRJOU-UHFFFAOYSA-N,0.06562242,-0.103887886
OIFBSDVPJOWBCH-UHFFFAOYSA-N,0.048377126,-0.12190162
PAMJENUKCYUKLC-UHFFFAOYSA-N,0.062101163,-0.114610195
SKBBQSLSGRSQAJ-UHFFFAOYSA-N,0.051593624,-0.08783977
SEEYREPSKCQBBF-UHFFFAOYSA-N,0.07785324,-0.08379292
IGTWYMQBGKAFCF-VOTSOKGWSA-N,0.082101986,-0.14596218
DCNUQRBLZWSGAV-UHFFFAOYSA-N,0.05942712,-0.123136595
GAEKPEKOJKCEMS-BYPYZUCNSA-N,0.0533874,-0.11065375
AKODNVGCZKBUNT-UHFFFAOYSA-N,0.05086948,-0.124937415
YMWUJEATGCHHMB-UHFFFAOYSA-N,0.07922631,-0.034520753
UCCTWLQOBSQILV-UHFFFAOYSA-N,0.050540924,-0.12422274
CYFPVACSJLXVCA-UHFFFAOYSA-N,0.07224831,-0.11394724
GGDYAKVUZMZKRV-UHFFFAOYSA-N,0.069462515,-0.07552547
ZDPAWHACYDRYIW-UHFFFAOYSA-N,0.05853612,-0.08822261
SUSQOBVLVYHIEX-UHFFFAOYSA-N,0.05202876,-0.06311272
MTJVUMGKHCIMJL-UHFFFAOYSA-N,0.03519483,-0.10609198
GNOIPBMMFNIUFM-UHFFFAOYSA-N,0.03732376,-0.15826184
NVJUHMXYKCUMQA-UHFFFAOYSA-N,0.02428163,-0.085708804
QRPMWVNREKTPOV-UHFFFAOYSA-N,0.027737869,-0.08459607
PYOKUURKVVELLB-UHFFFAOYSA-N,0.040872365,-0.12453398
FAXDZWQIWUSWJH-UHFFFAOYSA-N,0.035663527,-0.08268875
LDLCZOVUSADOIV-UHFFFAOYSA-N,0.06871542,-0.058891635
PKZJLOCLABXVMC-UHFFFAOYSA-N,0.062316224,-0.10165744
FJKIXWOMBXYWOQ-UHFFFAOYSA-N,0.034242496,-0.08398773
SECXISVLQFMRJM-UHFFFAOYSA-N,0.047117207,-0.11602545
MBTGBRYMJKYYOE-UHFFFAOYSA-N,0.07201508,-0.07748136
PPMDSXRMQXBCJW-UHFFFAOYSA-N,0.05888579,-0.1524093
RENMDAKOXSCIGH-UHFFFAOYSA-N,0.09078331,-0.04213901
WBDSPWDNJYQQDT-UHFFFAOYSA-N,0.034942567,-0.122744784
OZJPLYNZGCXSJM-UHFFFAOYSA-N,0.06046512,-0.116473034
WGQKYBSKWIADBV-UHFFFAOYSA-N,0.024012104,-0.05863557
DKNWSYNQZKUICI-CHIWXEEVSA-N,0.015958585,-0.052690454
JXTGICXCHWMCPM-UHFFFAOYSA-N,0.21696028,-0.21517296
MZBUJUWHEHJJKJ-UHFFFAOYSA-N,0.07081682,-0.0926336
KYEACNNYFNZCST-UHFFFAOYSA-N,0.0692264,-0.09149957
KYQCOXFCLRTKLS-UHFFFAOYSA-N,0.0522772,-0.060361702
SBYHFKPVCBCYGV-UHFFFAOYSA-N,0.017625513,-0.07636756
NAQMVNRVTILPCV-UHFFFAOYSA-N,0.021115705,-0.050696816
DENRZWYUOJLTMF-UHFFFAOYSA-N,0.15291591,-0.17633498
OZKOMUDCMCEDTM-UHFFFAOYSA-N,0.04604979,-0.07193845
VFWCMGCRMGJXDK-UHFFFAOYSA-N,0.044521134,-0.055582386
IRNRNPNZAKHEAW-UHFFFAOYSA-N,0.07250458,-0.08799653
IDJCCRRYIMWLSQ-UHFFFAOYSA-N,0.049174212,-0.12530926
BUZYGTVTZYSBCU-UHFFFAOYSA-N,0.054037042,-0.09024616
OSOIQJGOYGSIMF-UHFFFAOYSA-N,0.033779036,-0.09557414
HCIBTBXNLVOFER-UHFFFAOYSA-N,0.036021125,-0.09564476
HCEKGPAHZCYRBZ-UHFFFAOYSA-N,0.050075747,-0.08665958
XHNTVKASLQLNFM-UHFFFAOYSA-N,0.041337408,-0.10481021
IOQPZZOEVPZRBK-UHFFFAOYSA-N,0.020272061,-0.05140601
WZJYKHNJTSNBHV-UHFFFAOYSA-N,0.041513074,-0.07472113
ATVJXMYDOSMEPO-UHFFFAOYSA-N,0.022295507,-0.09423518
QDDLRYYYCREGPC-DTJXOCLSSA-N,0.011125833,-0.09877762
DHYHYLGCQVVLOQ-UHFFFAOYSA-N,0.048079073,-0.06382695
RGXUCUWVGKLACF-UHFFFAOYSA-N,0.02645438,-0.06447699
XZMCDFZZKTWFGF-UHFFFAOYSA-N,0.08542701,-0.05146671
HJOVHMDZYOCNQW-UHFFFAOYSA-N,0.029613372,-0.09875554
FEWLNYSYJNLUOO-UHFFFAOYSA-N,0.064036965,-0.11625935
YNQLUTRBYVCPMQ-UHFFFAOYSA-N,0.021004252,-0.059179623
OKDGRDCXVWSXDC-UHFFFAOYSA-N,0.053242344,-0.07324939
ZNSMNVMLTJELDZ-UHFFFAOYSA-N,0.046311475,-0.04405811
RAOIDOHSFRTOEL-UHFFFAOYSA-N,0.0089179035,-0.020647248
VAYTZRYEBVHVLE-UHFFFAOYSA-N,0.105004534,-0.094631016
RGTLAJIDOSPEDH-UHFFFAOYSA-N,0.04958641,-0.08948386
FFCSRWGYGMRBGD-UHFFFAOYSA-N,0.045351684,-0.08362488
ROSDSFDQCJNGOL-UHFFFAOYSA-N,0.021161932,-0.06532758
DQWXPGSGBJVHPN-UHFFFAOYSA-N,0.02922435,-0.119503774
SHQSVMDWKBRBGB-UHFFFAOYSA-N,0.027812338,-0.08483864
YNPNZTXNASCQKK-UHFFFAOYSA-N,0.02515656,-0.058036834
FDPIMTJIUBPUKL-UHFFFAOYSA-N,0.03095755,-0.09510865
SMNMEJQTBGWHLI-UHFFFAOYSA-N,0.03708883,-0.075145036
RIOQSEWOXXDEQQ-UHFFFAOYSA-N,0.07480326,-0.08997035
PPBRXRYQALVLMV-UHFFFAOYSA-N,0.022247128,-0.05498837
RVAQSYWDOSHWGP-UHFFFAOYSA-N,0.07839404,-0.12863483
ZZTSQZQUWBFTAT-UHFFFAOYSA-N,0.05472188,-0.069616415
QARVLSVVCXYDNA-UHFFFAOYSA-N,0.031941276,-0.05906509
PAFZNILMFXTMIY-UHFFFAOYSA-N,0.01812552,-0.05178483
NCCHARWOCKOHIH-UHFFFAOYSA-N,0.053314924,-0.118824564
WMFABESKCHGSRC-UHFFFAOYSA-N,0.063925326,-0.09105245
FFNVQNRYTPFDDP-UHFFFAOYSA-N,0.06172381,-0.06879225
NMRHCNYNTKGDGB-UHFFFAOYSA-N,0.12681651,-0.18770202
BIPUHAHGLJKIPK-UHFFFAOYSA-N,0.026594091,-0.10321355
XQAACMFZWHCPPN-UHFFFAOYSA-N,0.048080724,-0.12573361
UUIMDJFBHNDZOW-UHFFFAOYSA-N,0.03716496,-0.076533295
QUSNBJAOOMFDIB-UHFFFAOYSA-N,0.019525306,-0.051070686
RYHBNJHYFVUHQT-UHFFFAOYSA-N,0.057543777,-0.08069943
WVDDGKGOMKODPV-UHFFFAOYSA-N,0.056613777,-0.08657788
WYOXDERVKORKJN-UHFFFAOYSA-N,0.07568929,-0.104130164
HTJDQJBWANPRPF-UHFFFAOYSA-N,0.017604258,-0.05630048
PFEGFUCYOHBDJF-UHFFFAOYSA-N,0.051794138,-0.08606215
OLJDIRLJSRSJNR-UHFFFAOYSA-N,0.06575159,-0.055694774
IWJMFKRJGSKMBW-UHFFFAOYSA-N,0.08330923,-0.1339581
LSXWFXONGKSEMY-UHFFFAOYSA-N,0.015107206,-0.09153489
DCKVNWZUADLDEH-YFKPBYRVSA-N,0.04887836,-0.115835726
JSDBKAHWADVXFU-UHFFFAOYSA-N,0.089017585,-0.104678206
DPBLXKKOBLCELK-UHFFFAOYSA-N,0.02015113,-0.05153475
UNFUYWDGSFDHCW-UHFFFAOYSA-N,0.031942386,-0.05764565
FLFWJIBUZQARMD-UHFFFAOYSA-N,0.09482247,-0.07074275
VJNGGOMRUHYAMC-UHFFFAOYSA-N,0.055258658,-0.057301994
HHVIBTZHLRERCL-UHFFFAOYSA-N,0.16772722,-0.16799238
IOJUPLGTWVMSFF-UHFFFAOYSA-N,0.077932656,-0.09866401
DHIVLKMGKIZOHF-UHFFFAOYSA-N,0.05171711,-0.0826216
BRRVYBRXLUEEJP-UHFFFAOYSA-N,0.047294937,-0.11697639
ATHHXGZTWNVVOU-UHFFFAOYSA-N,0.074573465,-0.114282
HLDBHWJNZHGZMV-LLVKDONJSA-N,0.23156926,-0.21530357
VLLNJDMHDJRNFK-CHIWXEEVSA-N,0.04655064,-0.074743494
HVCFCNAITDHQFX-UHFFFAOYSA-N,0.031235367,-0.09881587
MSXIOWULDXZJLX-UHFFFAOYSA-N,0.0518976,-0.087181
DQYDFMBXYUTXOK-UHFFFAOYSA-N,0.032717727,-0.12656195
YHRUOJUYPBUZOS-UHFFFAOYSA-N,0.055741426,-0.046729036
HKTSLDUAGCAISP-UHFFFAOYSA-N,0.038027495,-0.13711046
NVPICXQHSYQKGM-UHFFFAOYSA-N,0.045790084,-0.07148681
LFSAPCRASZRSKS-LURJTMIESA-N,0.027984517,-0.093643
MVPPADPHJFYWMZ-UHFFFAOYSA-N,0.033092666,-0.044504724
CTAPFRYPJLPFDF-UHFFFAOYSA-N,0.07276502,-0.06448094
UHNHTTIUNATJKL-UHFFFAOYSA-N,0.1748519,-0.17240676
CGHIBGNXEGJPQZ-UHFFFAOYSA-N,0.060881786,-0.053341918
WURBFLDFSFBTLW-UHFFFAOYSA-N,0.041129142,-0.092181675
INQOMBQAUSQDDS-UHFFFAOYSA-N,0.020875866,-0.016346347
JMVIVASFFKKFQK-UHFFFAOYSA-N,0.04828052,-0.12509967
BHTSNYQWLQLLOD-WUQLGEGHSA-N,0.019847155,-0.09905562
ANGGPYSFTXVERY-UHFFFAOYSA-N,0.015839884,-0.024743147
JACMPVXHEARCBO-UHFFFAOYSA-N,0.016393416,-0.065931395
GOOHAUXETOMSMM-VKHMYHEASA-N,0.043775164,-0.096033305
FUCOMWZKWIEKRK-UHFFFAOYSA-N,0.012622116,-0.02150746
JUJWROOIHBZHMG-UHFFFAOYSA-N,0.0382499,-0.06692062
XULIXFLCVXWHRF-UHFFFAOYSA-N,0.016324917,-0.0756639
DURPTKYDGMDSBL-UHFFFAOYSA-N,0.03180601,-0.08270693
HHEIMYAXCOIQCJ-UHFFFAOYSA-N,0.03474856,-0.11695551
CYSGHNMQYZDMIA-UHFFFAOYSA-N,0.06654509,-0.12497542
IMNIMPAHZVJRPE-UHFFFAOYSA-N,0.023748081,-0.08209594
QAUUDNIGJSLPSX-UHFFFAOYSA-N,0.076038286,-0.109666914
SMBILOIZRKUZPE-UHFFFAOYSA-N,0.04719626,-0.13347763
XSAYZAUNJMRRIR-UHFFFAOYSA-N,0.04004016,-0.0988675
YSTPAHQEHQSRJD-VIFPVBQESA-N,0.029084105,-0.098421864
WXEHBUMAEPOYKP-UHFFFAOYSA-N,0.013419559,-0.017959356
UWKQJZCTQGMHKD-UHFFFAOYSA-N,0.028211683,-0.0852703
FVSKHRXBFJPNKK-UHFFFAOYSA-N,0.05467385,-0.051639132
PERWAYOEWJEJNO-UHFFFAOYSA-N,0.08465022,-0.12126019
VEUUMBGHMNQHGO-UHFFFAOYSA-N,0.07914939,-0.100521445
ABXGMGUHGLQMAW-UHFFFAOYSA-N,0.06660638,-0.077947505
WGYKZJWCGVVSQN-UHFFFAOYSA-N,0.020196497,-0.05178374
HXVNBWAKAOHACI-UHFFFAOYSA-N,0.022128513,-0.09392449
VEFLKXRACNJHOV-UHFFFAOYSA-N,0.0410521,-0.03147284
BWHOZHOGCMHOBV-BQYQJAHWSA-N,0.03408463,-0.10107536
HCFAJYNVAYBARA-UHFFFAOYSA-N,0.033919368,-0.09429725
SMWDFEZZVXVKRB-UHFFFAOYSA-N,0.041489553,-0.07501377
UMIPWJGWASORKV-UHFFFAOYSA-N,0.060931925,-0.053433668
DQWPFSLDHJDLRL-UHFFFAOYSA-N,0.05660614,-0.15901849
NVJBFARDFTXOTO-UHFFFAOYSA-N,0.23653804,-0.21003325
OLJVAWRLTPGYQL-DTJXOCLSSA-N,0.014445987,-0.112723716
ZTQSAGDEMFDKMZ-UHFFFAOYSA-N,0.056069225,-0.08956288
YFKBXYGUSOXJGS-UHFFFAOYSA-N,0.044517845,-0.10102611
PWRBCZZQRRPXAB-UHFFFAOYSA-N,0.05243659,-0.053186234
UAOMVDZJSHZZME-UHFFFAOYSA-N,0.015376803,-0.069755375
LRMLWYXJORUTBG-UHFFFAOYSA-N,0.070563346,-0.1445634
NBRKLOOSMBRFMH-UHFFFAOYSA-N,0.026640002,-0.061683543
PTTPXKJBFFKCEK-UHFFFAOYSA-N,0.028374037,-0.096564144
BWZVCCNYKMEVEX-UHFFFAOYSA-N,0.024056682,-0.084230326
MZBIWKMCTWJLPT-UHFFFAOYSA-N,0.066470884,-0.1455206
VJXRKZJMGVSXPX-UHFFFAOYSA-N,0.03794957,-0.06871847
ZWAJLVLEBYIOTI-OLQVQODUSA-N,0.037237685,-0.09522856
LZDKZFUFMNSQCJ-UHFFFAOYSA-N,0.027315838,-0.07683489
SJRJJKPEHAURKC-UHFFFAOYSA-N,0.045320664,-0.08321331
SELYJABLPLKXOY-UHFFFAOYSA-N,0.052378837,-0.12925515
PMRYVIKBURPHAH-UHFFFAOYSA-N,0.08788005,-0.11832081
PVMNPAUTCMBOMO-UHFFFAOYSA-N,0.052411847,-0.054171346
VVJKKWFAADXIJK-UHFFFAOYSA-N,0.02183345,-0.05142191
JVZRCNQLWOELDU-UHFFFAOYSA-N,0.03747876,-0.06630927
HBNYJWAFDZLWRS-UHFFFAOYSA-N,0.06667806,-0.07585518
LSCYTCMNCWMCQE-UHFFFAOYSA-N,0.04910461,-0.07518658
RTZKZFJDLAIYFH-UHFFFAOYSA-N,0.024204243,-0.08416295
KWOLFJPFCHCOCG-UHFFFAOYSA-N,0.041768454,-0.09836744
GOBGVVAHHOUMDK-UHFFFAOYSA-N,0.041034926,-0.085278615
CFPIZMWTMRWZRO-UHFFFAOYSA-N,0.061190095,-0.11451869
YXTROGRGRSPWKL-UHFFFAOYSA-N,0.036762122,-0.12269642
SWIMPUZQSVMCCL-UHFFFAOYSA-N,0.04406984,-0.12270137
KBEBGUQPQBELIU-CMDGGOBGSA-N,0.04283873,-0.11414875
JXTGICXCHWMCPM-VIFPVBQESA-N,0.21713208,-0.21517739
RKSOPLXZQNSWAS-UHFFFAOYSA-N,0.020370401,-0.044733196
NOFXHGGTQGRTTJ-UHFFFAOYSA-N,0.06467467,-0.1029324
ZAFNJMIOTHYJRJ-UHFFFAOYSA-N,0.021395922,-0.091593206
NOLVABYTFMDREN-ZETCQYMHSA-N,0.03104441,-0.06351756
ZWXPDGCFMMFNRW-UHFFFAOYSA-N,0.043869387,-0.12454312
XLSZMDLNRCVEIJ-UHFFFAOYSA-N,0.09244192,-0.1006152
GEOWCLRLLWTHDN-UHFFFAOYSA-N,0.09469507,-0.098245576
VVBLNCFGVYUYGU-UHFFFAOYSA-N,0.031745013,-0.09425036
KBPLFHHGFOOTCA-UHFFFAOYSA-N,0.053261563,-0.07292153
ZMANZCXQSJIPKH-UHFFFAOYSA-N,0.01714872,-0.05781247
AEKVBBNGWBBYLL-UHFFFAOYSA-N,0.05479134,-0.050947558
NPZOFLLFFNIYON-LBPRGKRZSA-N,0.23071775,-0.21635106
LOWMYOWHQMKBTM-UHFFFAOYSA-N,0.20613788,-0.21290201
HUMNYLRZRPPJDN-UHFFFAOYSA-N,0.044847377,-0.094136864
BLKXLEPPVDUHBY-UHFFFAOYSA-N,0.056760337,-0.15186015
XFNJVJPLKCPIBV-UHFFFAOYSA-N,0.02491821,-0.051003776
LCZUOKDVTBMCMX-UHFFFAOYSA-N,0.044196445,-0.07392821
XTGOWLIKIQLYRG-UHFFFAOYSA-N,0.12122872,-0.033408154
HTIRHQRTDBPHNZ-UHFFFAOYSA-N,0.009701137,-0.02129699
RFFFKMOABOFIDF-UHFFFAOYSA-N,0.0519379,-0.052213185
SVYKKECYCPFKGB-UHFFFAOYSA-N,0.019322034,-0.08239206
XXBDWLFCJWSEKW-UHFFFAOYSA-N,0.023524478,-0.079387434
WEHWNAOGRSTTBQ-UHFFFAOYSA-N,0.01630537,-0.06685105
HHAISVSEJFEWBZ-UHFFFAOYSA-N,0.0708098,-0.0751502
AKQWEDMTPCAESO-UHFFFAOYSA-N,0.052983306,-0.09379459
XACSJLKCXDEIPX-UHFFFAOYSA-N,0.07634036,-0.103709936
RZXMPPFPUUCRFN-UHFFFAOYSA-N,0.040438626,-0.063585415
IMFACGCPASFAPR-UHFFFAOYSA-N,0.016225405,-0.08236845
LKXYJYDRLBPHRS-UHFFFAOYSA-N,0.025328906,-0.03238915
XXOIGDFCELVFFJ-UHFFFAOYSA-N,0.31215546,-0.23517208
GGSUCNLOZRCGPQ-UHFFFAOYSA-N,0.024272664,-0.074356616
RHMPLDJJXGPMEX-UHFFFAOYSA-N,0.08395185,-0.0705553
GCDVQIPVANUWJO-UHFFFAOYSA-N,0.07320259,-0.10801917
PNPCRKVUWYDDST-UHFFFAOYSA-N,0.050561458,-0.049371414
WYACBZDAHNBPPB-UHFFFAOYSA-N,0.05885544,-0.08694755
XDOKVFJJVSLHDJ-UHFFFAOYSA-N,0.07407503,-0.13555615
LRDFRRGEGBBSRN-UHFFFAOYSA-N,0.048170805,-0.05403289
AATNZNJRDOVKDD-UHFFFAOYSA-N,0.06039175,-0.15661915
PAMIQIKDUOTOBW-UHFFFAOYSA-N,0.020902116,-0.082225725
AQNQZLOSBFEYBX-UHFFFAOYSA-N,0.23306793,-0.21204372
HUDYANRNMZDQGA-UHFFFAOYSA-N,0.05324897,-0.109429255
PAPBSGBWRJIAAV-UHFFFAOYSA-N,0.058728855,-0.12025095
VLVCDUSVTXIWGW-UHFFFAOYSA-N,0.04936994,-0.08478317
NAMYKGVDVNBCFQ-UHFFFAOYSA-N,0.02691523,-0.040768757
WVLBCYQITXONBZ-UHFFFAOYSA-N,0.06584078,-0.15467075
QVWDCTQRORVHHT-UHFFFAOYSA-N,0.04279931,-0.107231334
VSUGUKXAAPOFPQ-UHFFFAOYSA-N,0.092808865,-0.1043793
JWUJQDFVADABEY-RXMQYKEDSA-N,0.02844409,-0.09227259
HUTDHWXNOSDRBN-UHFFFAOYSA-N,0.03295432,-0.10360926
LKNQXZAHNDFIQY-UHFFFAOYSA-N,0.058506466,-0.08734189
BAYUSCHCCGXLAY-UHFFFAOYSA-N,0.056638524,-0.096854635
GETQZCLCWQTVFV-UHFFFAOYSA-N,0.021810763,-0.08013828
GGYVTHJIUNGKFZ-UHFFFAOYSA-N,0.044560056,-0.118688874
MHZGKXUYDGKKIU-UHFFFAOYSA-N,0.020254206,-0.051243283
QJQAMHYHNCADNR-UHFFFAOYSA-N,0.063277885,-0.118004814
JECUZQLBQKNEMW-UHFFFAOYSA-N,0.04206215,-0.1011292
WFJXYIUAMJAURQ-UHFFFAOYSA-N,0.20691252,-0.20874813
KBVQJEKAHKMCID-FNORWQNLSA-N,0.069788374,-0.13093355
NTPLXRHDUXRPNE-UHFFFAOYSA-N,0.059170097,-0.10157694
ULKWBVNMJZUEBD-UHFFFAOYSA-N,0.04243586,-0.1222378
FKRCODPIKNYEAC-UHFFFAOYSA-N,0.043881442,-0.11354673
IENJMFWWRIWLIW-UHFFFAOYSA-N,0.07231821,-0.08864412
JPMQWSJHCDLANT-UHFFFAOYSA-N,0.031264924,-0.12993887
CSYLYUAMXUGIFE-UHFFFAOYSA-N,0.0591352,-0.10288998
ISXOBTBCNRIIQO-UHFFFAOYSA-N,0.21527018,-0.20898645
KWRGMBARTDLYSH-UHFFFAOYSA-N,0.064205915,-0.118064106
WEEGYLXZBRQIMU-WAAGHKOSSA-N,0.014207161,-0.09510274
NRGGMCIBEHEAIL-UHFFFAOYSA-N,0.03704279,-0.07542514
TZIHFWKZFHZASV-UHFFFAOYSA-N,0.08840613,-0.10683236
KPWDGTGXUYRARH-UHFFFAOYSA-N,0.086818144,-0.04353427
FUNXVDFRBZQHKX-UHFFFAOYSA-N,0.07558397,-0.11988413
HNJBEVLQSNELDL-UHFFFAOYSA-N,0.05101188,-0.11440398
LVQDLURAEDSMES-UHFFFAOYSA-N,0.044046644,-0.11546086
PSHKMPUSSFXUIA-UHFFFAOYSA-N,0.03450262,-0.089648925
RGUKYNXWOWSRET-UHFFFAOYSA-N,0.04322931,-0.08317205
DVVGIUUJYPYENY-UHFFFAOYSA-N,0.063345425,-0.12040557
SQNZJJAZBFDUTD-UHFFFAOYSA-N,0.016221292,-0.069844894
DULCUDSUACXJJC-UHFFFAOYSA-N,0.046535194,-0.116351366
MHDVGSVTJDSBDK-UHFFFAOYSA-N,0.024536708,-0.10930464
PBMFSQRYOILNGV-UHFFFAOYSA-N,0.047647953,-0.071404435
JBTWLSYIZRCDFO-UHFFFAOYSA-N,0.061688755,-0.119779855
KVNRLNFWIYMESJ-UHFFFAOYSA-N,0.053115018,-0.052355222
JHIVVAPYMSGYDF-UHFFFAOYSA-N,0.026796017,-0.094549164
KFDVPJUYSDEJTH-UHFFFAOYSA-N,0.037378795,-0.06752039
BMVXCPBXGZKUPN-UHFFFAOYSA-N,0.020190647,-0.051438686
QSNSCYSYFYORTR-UHFFFAOYSA-N,0.051867872,-0.04948817
UMURLIQHQSKULR-UHFFFAOYSA-N,0.0860329,-0.07662295
CDQSTBHGKNNPSY-UHFFFAOYSA-N,0.044393457,-0.123384215
JIBRFXMUEQDPGO-UHFFFAOYSA-N,0.031121131,-0.07966125
AUQDITHEDVOTCU-UHFFFAOYSA-N,0.04182957,-0.055308044
ZOMKCDYJHAQMCU-UHFFFAOYSA-N,0.069352195,-0.11413807
MTPBUCCXRGSDCR-UHFFFAOYSA-N,0.039924677,-0.071177505
AVPYQKSLYISFPO-UHFFFAOYSA-N,0.05664915,-0.085705966
JQVDAXLFBXTEQA-UHFFFAOYSA-N,0.016338592,-0.06590379
WFCLYEAZTHWNEH-UHFFFAOYSA-N,0.07002059,-0.073390886
XCWPBWWTGHQKDR-UHFFFAOYSA-N,0.034692332,-0.07519556
SNICXCGAKADSCV-JTQLQIEISA-N,0.03704001,-0.07564402
PAAZPARNPHGIKF-UHFFFAOYSA-N,0.0395032,-0.024421826
BBLDTXFLAHKYFJ-UHFFFAOYSA-N,0.013584156,-0.0977183
AHHWIHXENZJRFG-UHFFFAOYSA-N,0.033221122,-0.0934802
AWJUIBRHMBBTKR-UHFFFAOYSA-N,0.042283595,-0.06796002
CVQUWLDCFXOXEN-UHFFFAOYSA-N,0.07742021,-0.11056177
JLZWKZDHHREXTA-UHFFFAOYSA-N,0.07530867,-0.104725555
MFEIKQPHQINPRI-UHFFFAOYSA-N,0.03879877,-0.06809883
NYYLZXREFNYPKB-UHFFFAOYSA-N,0.06190258,-0.1540401
JFDZBHWFFUWGJE-UHFFFAOYSA-N,0.043700032,-0.054928303
KRZCOLNOCZKSDF-UHFFFAOYSA-N,0.052992895,-0.072798334
KKHBRTFQIYIHEI-UHFFFAOYSA-N,0.07568348,-0.08434959
AQEFLFZSWDEAIP-UHFFFAOYSA-N,0.013297666,-0.095596775
FZWLAAWBMGSTSO-UHFFFAOYSA-N,0.090271175,-0.09665888
ZCQWOFVYLHDMMC-UHFFFAOYSA-N,0.08053899,-0.07519839
SMZHKGXSEAGRTI-UHFFFAOYSA-N,0.060028076,-0.060527716
VBZWSGALLODQNC-UHFFFAOYSA-N,0.124567494,-0.029854208
VYHBFRJRBHMIQZ-UHFFFAOYSA-N,0.03200068,-0.09622096
VNXYDFNVQBICRO-UHFFFAOYSA-N,0.12024973,-0.05302623
IIRFCWANHMSDCG-UHFFFAOYSA-N,0.033939205,-0.09512579
FJDUDHYHRVPMJZ-UHFFFAOYSA-N,0.020895362,-0.05050304
UYFJYGWNYQCHOB-UHFFFAOYSA-N,0.04050666,-0.09911104
PYLWMHQQBFSUBP-UHFFFAOYSA-N,0.037085015,-0.07010329
IMNDHOCGZLYMRO-UHFFFAOYSA-N,0.04269976,-0.1217422
YHQMSHVVGOSZEW-UHFFFAOYSA-N,0.066061236,-0.15324317
FSPSELPMWGWDRY-UHFFFAOYSA-N,0.040863194,-0.09849127
FZUGPQWGEGAKET-UHFFFAOYSA-N,0.037532978,-0.11523551
KSMVZQYAVGTKIV-UHFFFAOYSA-N,0.055547956,-0.08985239
VZXXYILNWWRSGE-UHFFFAOYSA-N,0.02814277,-0.09381767
HZXRDAIBHPCJLE-UHFFFAOYSA-N,0.07269695,-0.105988026
ITQTTZVARXURQS-UHFFFAOYSA-N,0.039052274,-0.06821753
RIFKADJTWUGDOV-UHFFFAOYSA-N,0.03453755,-0.09400038
JJHHIJFTHRNPIK-UHFFFAOYSA-N,0.21985559,-0.21833724
DAZXVJBJRMWXJP-UHFFFAOYSA-N,0.021379873,-0.081492886
FRGXNJWEDDQLFH-UHFFFAOYSA-N,0.037468556,-0.06861125
ZUOUZKKEUPVFJK-UHFFFAOYSA-N,0.022227729,-0.0529747
VAJCYQHLYBTSHG-UHFFFAOYSA-N,0.046242308,-0.13312034
DRUIESSIVFYOMK-UHFFFAOYSA-N,0.027856007,-0.011209387
JXQGICFGPUAVLJ-UHFFFAOYSA-N,0.102775715,-0.11596322
ZKKBIZXAEDFPNL-HWKANZROSA-N,0.060261037,-0.075965255
XEKOWRVHYACXOJ-UHFFFAOYSA-N,0.050759397,-0.113832705
HEDRZPFGACZZDS-UHFFFAOYSA-N,0.07889612,-0.018365458
YFTHZRPMJXBUME-UHFFFAOYSA-N,0.016260434,-0.08425022
NURQLCJSMXZBPC-UHFFFAOYSA-N,0.037929554,-0.07044025
CLWIJUQLAFJNOF-UHFFFAOYSA-N,0.037743147,-0.10584336
ICSNLGPSRYBMBD-UHFFFAOYSA-N,0.04905539,-0.08086587
XBPPLECAZBTMMK-UHFFFAOYSA-N,0.068004936,-0.10811581
AAADKYXUTOBAGS-OIBJUYFYSA-N,0.018104361,-0.041562878
DKLYDESVXZKCFI-UHFFFAOYSA-N,0.035131276,-0.13089292
NUKYPUAOHBNCPY-UHFFFAOYSA-N,0.07612584,-0.0808061
NBBZMDUHKWRYSZ-UHFFFAOYSA-N,0.06291664,-0.10116531
XIAJQOBRHVKGSP-UHFFFAOYSA-N,0.025795782,-0.04467517
RHQDFWAXVIIEBN-UHFFFAOYSA-N,0.106446475,-0.06788385
PJGSXYOJTGTZAV-UHFFFAOYSA-N,0.03232709,-0.09600952
HATLLUIOEIXWGD-UHFFFAOYSA-N,0.07378919,-0.10830258
VVIAWLIDZAXESO-UHFFFAOYSA-N,0.050527524,-0.12373112
PDLCCNYKIIUWHA-UHFFFAOYSA-N,0.041285697,-0.09891499
SWFHGTMLYIBPPA-UHFFFAOYSA-N,0.052059364,-0.095583946
DXVVZIGSMCTRDV-UHFFFAOYSA-N,0.12050596,-0.23209271
YVXHZKKCZYLQOP-UHFFFAOYSA-N,0.06091071,-0.053399827
DKGAVHZHDRPRBM-UHFFFAOYSA-N,0.045538504,-0.076506086
JLTDJTHDQAWBAV-UHFFFAOYSA-N,0.039126895,-0.075746775
NLHHRLWOUZZQLW-UHFFFAOYSA-N,0.053440385,-0.052295525
FMVJYQGSRWVMQV-UHFFFAOYSA-N,0.0982817,-0.108833745
MVUMJYQUKKUOHO-UHFFFAOYSA-N,0.059334677,-0.13248824
CTQNGGLPUBDAKN-UHFFFAOYSA-N,0.020711286,-0.063985065
SNZSAFILJOCMFM-UHFFFAOYSA-N,0.113355555,-0.15114678
JJWLVOIRVHMVIS-UHFFFAOYSA-N,0.016904417,-0.05169461
ZQWPRMPSCMSAJU-UHFFFAOYSA-N,0.04601058,-0.114070036
ZSSWXNPRLJLCDU-UHFFFAOYSA-N,0.05433242,-0.14589716
JWVCLYRUEFBMGU-UHFFFAOYSA-N,0.053563453,-0.07611217
CSJAXRKDCCWCSJ-UHFFFAOYSA-N,0.0720839,-0.12062964
PWXRDOSRCIGJDM-UHFFFAOYSA-N,0.009900283,-0.022478556
IKHGUXGNUITLKF-UHFFFAOYSA-N,0.061059993,-0.08940538
FGWQRDGADJMULT-UHFFFAOYSA-N,0.039999273,-0.07083109
UIQGEWJEWJMQSL-UHFFFAOYSA-N,0.023083381,-0.098606125
MTAODLNXWYIKSO-UHFFFAOYSA-N,0.060083598,-0.07974795
RLVGHTRVYWUWSH-UHFFFAOYSA-N,0.02809219,-0.10307678
WNXJIVFYUVYPPR-UHFFFAOYSA-N,0.061294436,-0.07909739
MNZAKDODWSQONA-UHFFFAOYSA-N,0.10468367,-0.14731692
IEJIGPNLZYLLBP-UHFFFAOYSA-N,0.06342724,-0.117653646
MYOHNZJKOAODMX-UHFFFAOYSA-N,0.051217623,-0.13287686
CYNYIHKIEHGYOZ-UHFFFAOYSA-N,0.032293696,-0.03881647
GSCLMSFRWBPUSK-VKHMYHEASA-N,0.06491942,-0.096808076
LNDJVIYUJOJFSO-UHFFFAOYSA-N,0.10421896,-0.03752744
MPPPKRYCTPRNTB-UHFFFAOYSA-N,0.03036931,-0.03903855
IAZDPXIOMUYVGZ-UHFFFAOYSA-N,0.21680605,-0.21202701
MJUJXFBTEFXVKU-UHFFFAOYSA-N,0.06531104,-0.1479531
ATDGTVJJHBUTRL-UHFFFAOYSA-N,0.06817712,-0.060563277
AZQWKYJCGOJGHM-UHFFFAOYSA-N,0.050333828,-0.07219149
MJWNJEJCQHNDNM-UHFFFAOYSA-N,0.21891858,-0.21946958
QVSVMNXRLWSNGS-UHFFFAOYSA-N,0.04208514,-0.06969573
IWTFOFMTUOBLHG-UHFFFAOYSA-N,0.04835508,-0.075594395
GJNGXPDXRVXSEH-UHFFFAOYSA-N,0.052360155,-0.045239456
AVFZOVWCLRSYKC-UHFFFAOYSA-N,0.020510096,-0.08745049
VZXXYILNWWRSGE-OCAPTIKFSA-N,0.022655236,-0.09277708
HQABUPZFAYXKJW-UHFFFAOYSA-N,0.020127498,-0.05138522
KMAQZIILEGKYQZ-UHFFFAOYSA-N,0.08043434,-0.113335416
CODXZFSZJFCVBE-UHFFFAOYSA-N,0.066988744,-0.08113689
WDAXFOBOLVPGLV-UHFFFAOYSA-N,0.03746108,-0.115682855
XWEFKJNJSVXMOD-UHFFFAOYSA-N,0.045165755,-0.063146085
APLHDUWNMGJBFD-UHFFFAOYSA-N,0.065256245,-0.089836694
OSWPMRLSEDHDFF-UHFFFAOYSA-N,0.047722887,-0.11621171
SUNMBRGCANLOEG-UHFFFAOYSA-N,0.09952749,-0.0738717
NUOGEPIJFRZXIN-UHFFFAOYSA-N,0.050053436,-0.11181593
CDNHLXOFELOEOL-UHFFFAOYSA-N,0.085899144,-0.10181367
BHHGXPLMPWCGHP-UHFFFAOYSA-N,0.024133803,-0.057095867
ODHXBMXNKOYIBV-UHFFFAOYSA-N,0.0210854,-0.055420704
GYCPLYCTMDTEPU-UHFFFAOYSA-N,0.06431312,-0.061269656
WFDIJRYMOXRFFG-UHFFFAOYSA-N,0.060008794,-0.11900857
HVTICUPFWKNHNG-UHFFFAOYSA-N,0.01737282,-0.01843213
UWHSPZZUAYSGTB-UHFFFAOYSA-N,0.044115428,-0.12423937
LDDOSDVZPSGLFZ-UHFFFAOYSA-N,0.03404527,-0.11831385
ARKIFHPFTHVKDT-UHFFFAOYSA-N,0.08032562,-0.11252355
GCUVJAHASMTIRG-UHFFFAOYSA-N,0.034767695,-0.10129899
OEPRBXUJOQLYID-UHFFFAOYSA-N,0.05176715,-0.082303084
VDFVNEFVBPFDSB-UHFFFAOYSA-N,0.051847897,-0.080832064
NZNMSOFKMUBTKW-UHFFFAOYSA-N,0.06361844,-0.11414568
KFZMGEQAYNKOFK-UHFFFAOYSA-N,0.04890826,-0.07425788
ZRSNZINYAWTAHE-UHFFFAOYSA-N,0.061023906,-0.09707131
KJDRSWPQXHESDQ-UHFFFAOYSA-N,0.055139,-0.05160901
HFZKOYWDLDYELC-UHFFFAOYSA-N,0.06263257,-0.1236217
IQZZFVDIZRWADY-UHFFFAOYSA-N,0.07585696,-0.10929212
SJMLNDPIJZBEKY-UHFFFAOYSA-N,0.05897248,-0.08403049
URLKBWYHVLBVBO-UHFFFAOYSA-N,0.018932091,-0.063046955
VCHOFVSNWYPAEF-UHFFFAOYSA-N,0.062090117,-0.08864926
ZPTVNYMJQHSSEA-UHFFFAOYSA-N,0.06378014,-0.12256368
FERIUCNNQQJTOY-UHFFFAOYSA-N,0.063765615,-0.11331313
BXRFQSNOROATLV-UHFFFAOYSA-N,0.08982824,-0.11021063
QKZRSIWEFMDUIL-UHFFFAOYSA-N,0.027029209,-0.111234896
STZZWJCGRKXEFF-UHFFFAOYSA-N,0.08882053,-0.026973192
OOWFYDWAMOKVSF-UHFFFAOYSA-N,0.04814563,-0.057652917
NAIVIVMHCDWBEF-UHFFFAOYSA-N,0.054993335,-0.11784936
SAANJXKHPZBABZ-UHFFFAOYSA-N,0.04839763,-0.12518865
HPNMFZURTQLUMO-UHFFFAOYSA-N,0.016919829,-0.064940766
KYVBNYUBXIEUFW-UHFFFAOYSA-N,0.035129216,-0.08515369
XBNGYFFABRKICK-UHFFFAOYSA-N,0.118583135,-0.044821467
VHFUHRXYRYWELT-UHFFFAOYSA-N,0.07244286,-0.08157437
QQZOPKMRPOGIEB-UHFFFAOYSA-N,0.040938716,-0.09384854
YRKCREAYFQTBPV-UHFFFAOYSA-N,0.051083423,-0.08594301
WCFDSGHAIGTEKL-UHFFFAOYSA-N,0.16839471,-0.1740992
SYEXGNJRYPOUSI-UHFFFAOYSA-N,0.041423563,-0.11713985
VHYFNPMBLIVWCW-UHFFFAOYSA-N,0.0485631,-0.08078343
DWPLEOPKBWNPQV-UHFFFAOYSA-N,0.04329006,-0.09809646
YXIWHUQXZSMYRE-UHFFFAOYSA-N,0.077652544,-0.07405846
PFYPDUUXDADWKC-UHFFFAOYSA-N,0.036707744,-0.07533635
JLNGEXDJAQASHD-UHFFFAOYSA-N,0.04038867,-0.12407527
HZCDANOFLILNSA-UHFFFAOYSA-N,0.07206002,-0.14452322
YIIMEMSDCNDGTB-UHFFFAOYSA-N,0.06561004,-0.10077065
OQEINIBVOPRVOG-UHFFFAOYSA-N,0.056291956,-0.09388858
VIZNDSYPXQJMCM-UHFFFAOYSA-N,0.04361281,-0.09075594
OBNCKNCVKJNDBV-UHFFFAOYSA-N,0.043205682,-0.1149022
LRHPLDYGYMQRHN-UHFFFAOYSA-N,0.0525891,-0.07261271
HPXRVTGHNJAIIH-UHFFFAOYSA-N,0.04995707,-0.073625386
DSSYKIVIOFKYAU-XCBNKYQSSA-N,0.025321446,-0.09173301
RJSZFWIUDNOVNP-UHFFFAOYSA-N,0.051837627,-0.09482275
JYYNAJVZFGKDEQ-UHFFFAOYSA-N,0.036215153,-0.0764662
NBBJYMSMWIIQGU-UHFFFAOYSA-N,0.05678226,-0.08927199
CELKOWQJPVJKIL-UHFFFAOYSA-N,0.05778437,-0.06405364
YLQBMQCUIZJEEH-UHFFFAOYSA-N,0.051870964,-0.06624141
YQYGPGKTNQNXMH-UHFFFAOYSA-N,0.08139139,-0.11167382
XFRSYDKTYAUVAW-UHFFFAOYSA-N,0.0329436,-0.0959867
OIWFZENWZGPLQZ-UHFFFAOYSA-N,0.052287474,-0.07600739
UUWJBXKHMMQDED-UHFFFAOYSA-N,0.051085286,-0.08978017
AUFIRGPROMANKW-UHFFFAOYSA-N,0.023031767,-0.089634955
WDGYPUOJGIEZMO-CSKARUKUSA-N,0.111529276,-0.2089549
NCBZRJODKRCREW-UHFFFAOYSA-N,0.04751599,-0.068562195
VKYKSIONXSXAKP-UHFFFAOYSA-N,0.028874218,-0.079675674
UIHCLUNTQKBZGK-UHFFFAOYSA-N,0.034988943,-0.09405973
VCYZVXRKYPKDQB-UHFFFAOYSA-N,0.08808131,-0.09924942
ZYPLZLQKRFFKCL-UHFFFAOYSA-N,0.07074958,-0.119510055
CWHFDTWZHFRTAB-UHFFFAOYSA-N,0.044595674,-0.04532496
SVEUVITYHIHZQE-UHFFFAOYSA-N,0.048454434,-0.08296041
YSHMQTRICHYLGF-UHFFFAOYSA-N,0.036706936,-0.06916175
SCYULBFZEHDVBN-UHFFFAOYSA-N,0.06682785,-0.042800434
LBKDGROORAKTLC-UHFFFAOYSA-N,0.05328684,-0.054059252
GRTGGSXWHGKRSB-UHFFFAOYSA-N,0.08102009,-0.0746975
QFHAGCRNENPASY-GQCTYLIASA-N,0.077368505,-0.101098
WPGHPGAUFIJVJF-UHFFFAOYSA-N,0.054059766,-0.042183153
ZDOYHCIRUPHUHN-UHFFFAOYSA-N,0.051170032,-0.101846226
GNKZMNRKLCTJAY-UHFFFAOYSA-N,0.041367553,-0.098396696
WEVYAHXRMPXWCK-UHFFFAOYSA-N,0.060551897,-0.04965828
ISWSIDIOOBJBQZ-UHFFFAOYSA-N,0.06879951,-0.051887352
ZMXDDKWLCZADIW-UHFFFAOYSA-N,0.06661132,-0.11451404
SHOJXDKTYKFBRD-UHFFFAOYSA-N,0.030029288,-0.09827443
BOHCMQZJWOGWTA-UHFFFAOYSA-N,0.04223157,-0.05541148
ULYZAYCEDJDHCC-UHFFFAOYSA-N,0.039524224,-0.057618532
IYIAWAACGTUPCC-UHFFFAOYSA-N,0.12835136,-0.1825766
WGBMKQSRUSKSOM-UHFFFAOYSA-N,0.062714286,-0.094564825
JKTCBAGSMQIFNL-UHFFFAOYSA-N,0.05365427,-0.07121381
RJGDLRCDCYRQOQ-UHFFFAOYSA-N,0.035624243,-0.09950094
KYVIFDXEMABEDB-UHFFFAOYSA-N,0.04053594,-0.121253796
FDDDTDSPQXLQFY-UHFFFAOYSA-N,0.07581287,-0.096386075
GPHQHTOMRSGBNZ-UHFFFAOYSA-N,0.060602136,-0.042864762
PLUBXMRUUVWRLT-UHFFFAOYSA-N,0.18631,-0.17140514
URAYPUMNDPQOKB-UHFFFAOYSA-N,0.069213524,-0.10688557
POLCUAVZOMRGSN-UHFFFAOYSA-N,0.022269167,-0.08693322
AQNQZLOSBFEYBX-LURJTMIESA-N,0.23275998,-0.21212831
QMMFVYPAHWMCMS-UHFFFAOYSA-N,0.014179388,-0.015196795
CSVFWMMPUJDVKH-UHFFFAOYSA-N,0.051798962,-0.065323874
YEJRWHAVMIAJKC-UHFFFAOYSA-N,0.06146659,-0.10836243
DZBUGLKDJFMEHC-UHFFFAOYSA-N,0.03378145,-0.08065623
BSKHPKMHTQYZBB-UHFFFAOYSA-N,0.03696801,-0.07473802
HPMLGNIUXVXALD-UHFFFAOYSA-N,0.053613327,-0.09843862
JIRGTCBOQAJBHY-UHFFFAOYSA-N,0.032386985,-0.1251615
GPTVQTPMFOLLOA-UHFFFAOYSA-N,0.037372224,-0.06400818
JMMWKPVZQRWMSS-UHFFFAOYSA-N,0.0494431,-0.11577136
LNMBCRKRCIMQLW-UHFFFAOYSA-N,0.01227399,-0.055266276
LJXQPZWIHJMPQQ-UHFFFAOYSA-N,0.068452165,-0.07559378
ZZWJQCJQAXZVOM-UHFFFAOYSA-N,0.053426653,-0.100295514
XEZNGIUYQVAUSS-UHFFFAOYSA-N,0.044923496,-0.09349975
UOCLXMDMGBRAIB-UHFFFAOYSA-N,0.058096007,-0.028355781
HMIBQFXWSUBFTG-UHFFFAOYSA-N,0.034370784,-0.09715556
QANVSPFERJBPTO-UHFFFAOYSA-N,0.03520842,-0.11082799
NLPHXWGWBKZSJC-UHFFFAOYSA-N,0.060932416,-0.083022974
MGYMHQJELJYRQS-VHSXEESVSA-N,0.034611087,-0.116401285
IWDCLRJOBJJRNH-UHFFFAOYSA-N,0.07007241,-0.052877072
BGNGWHSBYQYVRX-UHFFFAOYSA-N,0.054497052,-0.105940506
ADSOSINJPNKUJK-UHFFFAOYSA-N,0.036859743,-0.07584574
JLSSWDFCYXSLQX-UHFFFAOYSA-N,0.05909411,-0.10438727
ZVWHURINXJWEER-UHFFFAOYSA-N,0.029787103,-0.13473906
VQHPRVYDKRESCL-CHIWXEEVSA-N,0.015683569,-0.040942755
NPKXLCMBIGGTTQ-UHFFFAOYSA-N,0.05347147,-0.18863408
ZWEHNKRNPOVVGH-UHFFFAOYSA-N,0.03777415,-0.09514911
JYMNQRQQBJIMCV-UHFFFAOYSA-N,0.05731206,-0.06842851
VZGDMQKNWNREIO-UHFFFAOYSA-N,0.013341841,-0.00336219
LEIMLDGFXIOXMT-UHFFFAOYSA-N,0.09401025,-0.068508714
IWJMFKRJGSKMBW-SHRKTGAESA-N,0.077049956,-0.13449153
YZWKKMVJZFACSU-UHFFFAOYSA-N,0.030443326,-0.03892252
XRYKNXGXIFPTKH-UHFFFAOYSA-N,0.0128630325,-0.025676489
ASUDFOJKTJLAIK-UHFFFAOYSA-N,0.037307974,-0.08720349
REYJJPSVUYRZGE-UHFFFAOYSA-N,0.020884719,-0.050482742
MSPDNPMYZVJMAM-OVMOHIIOSA-N,0.040272668,-0.099152975
BEZDDPMMPIDMGJ-UHFFFAOYSA-N,0.016103646,-0.07341328
VJPAMLCBTIWAHI-UHFFFAOYSA-N,0.042764314,-0.10701398
KGIGUEBEKRSTEW-UHFFFAOYSA-N,0.037616566,-0.07387506
NWPWRAWAUYIELB-UHFFFAOYSA-N,0.03829755,-0.11892381
ILBIXZPOMJFOJP-UHFFFAOYSA-N,0.062163875,-0.09706011
XLYOFNOQVPJJNP-UHFFFAOYSA-N,0.057232738,-0.06707914
YVBMXGVGOLXFFS-UHFFFAOYSA-N,0.04162208,-0.1065478
YNAVUWVOSKDBBP-UHFFFAOYSA-N,0.045593858,-0.08178287
XNBKKRFABABBPM-UHFFFAOYSA-N,0.040152974,-0.10814607
GBBZLMLLFVFKJM-UHFFFAOYSA-N,0.022364566,-0.009052551
OISVCGZHLKNMSJ-UHFFFAOYSA-N,0.029954722,-0.08211804
BEUGBYXJXMVRFO-UHFFFAOYSA-N,0.0322922,-0.094757825
AFHUWZFARIICFX-UHFFFAOYSA-N,0.054072104,-0.11846639
UIHCLUNTQKBZGK-YFKPBYRVSA-N,0.033516955,-0.093182035
RAXXELZNTBOGNW-UHFFFAOYSA-N,0.09130317,-0.09410611
YYVYAPXYZVYDHN-UHFFFAOYSA-N,0.050476763,-0.09866305
WZADGDPHGLPABW-UHFFFAOYSA-N,0.05182579,-0.08965282
WBJINCZRORDGAQ-UHFFFAOYSA-N,0.086139016,-0.108110674
DHXVGJBLRPWPCS-UHFFFAOYSA-N,0.031003013,-0.088208735
HXQHRUJXQJEGER-UHFFFAOYSA-N,0.07516172,-0.10476863
YXWJGZQOGXGSSC-UHFFFAOYSA-N,0.14050144,-0.03176636
GRIXINIGTYIHSN-UHFFFAOYSA-N,0.06386712,-0.11923745
STSCVKRWJPWALQ-UHFFFAOYSA-N,0.080308065,-0.06568582
BAPJBEWLBFYGME-UHFFFAOYSA-N,0.052481398,-0.11584408
XZIAFENWXIQIKR-UHFFFAOYSA-N,0.048578627,-0.11184345
SJNALLRHIVGIBI-UHFFFAOYSA-N,0.0524947,-0.05628738
UQEAIHBTYFGYIE-UHFFFAOYSA-N,0.0642059,-0.02443083
MCSAJNNLRCFZED-UHFFFAOYSA-N,0.10273207,-0.118165
XNLICIUVMPYHGG-UHFFFAOYSA-N,0.041459337,-0.09423667
QSJXEFYPDANLFS-UHFFFAOYSA-N,0.038901612,-0.07152903
JNAKRDAEBSBJGO-UHFFFAOYSA-N,0.027224915,-0.1045367
USIUVYZYUHIAEV-UHFFFAOYSA-N,0.027541148,-0.07284723
SYEXGNJRYPOUSI-DNSLJTBWSA-N,0.04145429,-0.11716959
SUDHEDJJFGYYPL-UHFFFAOYSA-N,0.05074113,-0.13086617
IVSZLXZYQVIEFR-UHFFFAOYSA-N,0.019955406,-0.06339696
FMKOJHQHASLBPH-UHFFFAOYSA-N,0.01714841,-0.021107199
PJYTYJGMJDIKEJ-UHFFFAOYSA-N,0.0419242,-0.08880942
SNHMUERNLJLMHN-UHFFFAOYSA-N,0.029082693,-0.07925906
LFSXCDWNBUNEEM-UHFFFAOYSA-N,0.046786305,-0.08299363
NODGRWCMFMEGJH-UHFFFAOYSA-N,0.041353803,-0.098640025
YTPLMLYBLZKORZ-UHFFFAOYSA-N,0.083310924,-0.0784587
BDERNNFJNOPAEC-UHFFFAOYSA-N,0.05364214,-0.07115309
YUWFEBAXEOLKSG-UHFFFAOYSA-N,0.012888403,-0.07619835
AIMREYQYBFBEGQ-UHFFFAOYSA-N,0.06683015,-0.12696578
SYMPSOJKDIMXKZ-UHFFFAOYSA-N,0.04911282,-0.13680759
CUYKNJBYIJFRCU-UHFFFAOYSA-N,0.046629112,-0.07177109
FYHIXFCITOCVKH-UHFFFAOYSA-N,0.07499409,-0.107965946
UHOVQNZJYSORNB-UHFFFAOYSA-N,0.019898273,-0.05651749
QTPJMTACJMLPLL-UHFFFAOYSA-N,0.06681112,-0.17468834
CTSZPNIMMLSKDV-UHFFFAOYSA-N,0.026928503,-0.07304849
RDOXTESZEPMUJZ-UHFFFAOYSA-N,0.047123924,-0.06827619
LYGJENNIWJXYER-UHFFFAOYSA-N,0.113858834,-0.113318995
ROFVEXUMMXZLPA-UHFFFAOYSA-N,0.03855705,-0.072551236
PCNDJXKNXGMECE-UHFFFAOYSA-N,0.035079047,-0.08217782
BNUHAJGCKIQFGE-UHFFFAOYSA-N,0.079683036,-0.12689264
RDOWQLZANAYVLL-UHFFFAOYSA-N,0.04356411,-0.0761284
NTIZESTWPVYFNL-UHFFFAOYSA-N,0.03638905,-0.09476516
NKDDWNXOKDWJAK-UHFFFAOYSA-N,0.053216282,-0.08430446
AOPDRZXCEAKHHW-UHFFFAOYSA-N,0.020709112,-0.08633155
LFQSCWFLJHTTHZ-UHFFFAOYSA-N,0.052896336,-0.072002456
WRMNZCZEMHIOCP-UHFFFAOYSA-N,0.05421631,-0.06919335
LSBIUXKNVUBKRI-UHFFFAOYSA-N,0.04942762,-0.07520364
MBHINSULENHCMF-UHFFFAOYSA-N,0.048248664,-0.11890733
YBRBMKDOPFTVDT-UHFFFAOYSA-N,0.014847353,-0.053817675
YEEMHJNIVXNCSN-ALCCZGGFSA-N,0.055913102,-0.08887113
VSYFZULSKMFUJJ-UHFFFAOYSA-N,0.047971256,-0.115401246
FHUODBDRWMIBQP-UHFFFAOYSA-N,0.061427597,-0.12176222
BZLVMXJERCGZMT-UHFFFAOYSA-N,0.030306935,-0.08882832
UEALYGMEMQDEMQ-UHFFFAOYSA-N,0.056603026,-0.12204125
YKYONYBAUNKHLG-UHFFFAOYSA-N,0.050630283,-0.11454616
NUJGJRNETVAIRJ-UHFFFAOYSA-N,0.055810288,-0.089762084
SZIFAVKTNFCBPC-UHFFFAOYSA-N,0.06585357,-0.05733301
BVSPJPNNLDIUFE-UHFFFAOYSA-N,0.13343816,-0.18555506
HXJUTPCZVOIRIF-UHFFFAOYSA-N,0.17767672,-0.16772017
MXHTZQSKTCCMFG-UHFFFAOYSA-N,0.022439811,-0.07725153
PHWSCBWNPZDYRI-UHFFFAOYSA-N,0.08274247,-0.109489456
UMFJAHHVKNCGLG-UHFFFAOYSA-N,0.064034685,-0.094594374
SQCZQTSHSZLZIQ-UHFFFAOYSA-N,0.04354857,-0.055493414
FTAHXMZRJCZXDL-UHFFFAOYSA-N,0.021833591,-0.07227788
LMTGCJANOQOGPI-UHFFFAOYSA-N,0.03575613,-0.11963003
DSWNRHCOGVRDOE-ONEGZZNKSA-N,0.04250844,-0.08633406
NCYVXEGFNDZQCU-UHFFFAOYSA-N,0.054441363,-0.119722456
XXROGKLTLUQVRX-UHFFFAOYSA-N,0.05598992,-0.06909196
WHTDCOSHHMXZNE-UHFFFAOYSA-N,0.029748987,-0.08303931
XQQZRZQVBFHBHL-UHFFFAOYSA-N,0.045225367,-0.1268573
ORPHOKOVVUFNKE-UHFFFAOYSA-N,0.04840158,-0.1253649
YXFVVABEGXRONW-UHFFFAOYSA-N,0.020747764,-0.05998023
LQNUZADURLCDLV-UHFFFAOYSA-N,0.0675842,-0.12190692
XYWDPYKBIRQXQS-UHFFFAOYSA-N,0.012007626,-0.023474943
JKANAVGODYYCQF-UHFFFAOYSA-N,0.065860584,-0.054963395
NUMQCACRALPSHD-UHFFFAOYSA-N,0.021093111,-0.08907899
QPKDBLGFWZSDSB-UHFFFAOYSA-N,0.061317015,-0.11109939
OKKJLVBELUTLKV-UHFFFAOYSA-N,0.05583498,-0.07131238
AAAXMNYUNVCMCJ-UHFFFAOYSA-N,0.020225335,-0.010405065
WJYIASZWHGOTOU-UHFFFAOYSA-N,0.020268878,-0.051436767
QSACPWSIIRFHHR-UHFFFAOYSA-N,0.041449517,-0.056096863
VEZXCJBBBCKRPI-UHFFFAOYSA-N,0.074083984,-0.09443538
KDISMIMTGUMORD-UHFFFAOYSA-N,0.04583856,-0.12118101
NEKCOKJRDOPRSK-UHFFFAOYSA-N,0.107344046,-0.1434462
ODKLEQPZOCJQMT-UHFFFAOYSA-N,0.037271824,-0.06793534
JLGPMOJYECOCEP-UHFFFAOYSA-N,0.15984792,-0.17154518
KIDHWZJUCRJVML-UHFFFAOYSA-N,0.02161134,-0.05030887
BWLUMTFWVZZZND-UHFFFAOYSA-N,0.023662653,-0.065002404
HCJXEOFLVIFFDG-UHFFFAOYSA-N,0.05201395,-0.123093896
RLSSMJSEOOYNOY-UHFFFAOYSA-N,0.068220116,-0.05397025
YNBADRVTZLEFNH-UHFFFAOYSA-N,0.061686702,-0.1123363
WSLDOOZREJYCGB-UHFFFAOYSA-N,0.0721297,-0.044911757
AVQQQNCBBIEMEU-UHFFFAOYSA-N,0.04299652,-0.120237276
DGVORXWMCNREFA-UHFFFAOYSA-N,0.06184133,-0.091507174
KXKVLQRXCPHEJC-UHFFFAOYSA-N,0.05204565,-0.1127734
RNVCVTLRINQCPJ-UHFFFAOYSA-N,0.03843094,-0.0628366
WMQUKDQWMMOHSA-UHFFFAOYSA-N,0.053538695,-0.08826338
BGJSXRVXTHVRSN-UHFFFAOYSA-N,0.060328633,-0.09610884
MVUMJYQUKKUOHO-AATRIKPKSA-N,0.061719604,-0.13618957
OXHNLMTVIGZXSG-UHFFFAOYSA-N,0.05665984,-0.09803459
DKPFZGUDAPQIHT-UHFFFAOYSA-N,0.050578162,-0.11467386
UQFQONCQIQEYPJ-UHFFFAOYSA-N,0.067552716,-0.108497396
OFCCYDUUBNUJIB-UHFFFAOYSA-N,0.060639985,-0.103047825
UPOSSYJVWXLPTA-UHFFFAOYSA-N,0.03478049,-0.09425845
BULLHNJGPPOUOX-UHFFFAOYSA-N,0.067721784,-0.07865157
WMOVHXAZOJBABW-UHFFFAOYSA-N,0.04715021,-0.116039425
QPJVMBTYPHYUOC-UHFFFAOYSA-N,0.04515378,-0.117262974
QWPYVYJPIHGYGX-RZIOALPKSA-N,0.049007688,-0.11189276
SYBYTAAJFKOIEJ-UHFFFAOYSA-N,0.03468978,-0.09405432
RWCCWEUUXYIKHB-UHFFFAOYSA-N,0.032040887,-0.09539488
JUNNTRSMCCUKGG-UHFFFAOYSA-N,0.051158067,-0.09298923
XUVKSPPGPPFPQN-UHFFFAOYSA-N,0.053414144,-0.106536955
ZRLDBDZSLLGDOX-UHFFFAOYSA-N,0.046387654,-0.09728138
VPYJNCGUESNPMV-UHFFFAOYSA-N,0.017116986,-0.08763251
XDELKSRGBLWMBA-UHFFFAOYSA-N,0.047140196,-0.0817426
MTZQAGJQAFMTAQ-UHFFFAOYSA-N,0.040154207,-0.11869133
OAGOUCJGXNLJNL-UHFFFAOYSA-N,0.05537445,-0.06691061
